{"_DSC3424.JPG680959":{"filename":"_DSC3424.JPG","size":680959,"regions":[{"shape_attributes":{"name":"polygon","all_points_x":[1404,1417,1429,1454,1444,1430,1402,1379,1387,1400],"all_points_y":[1648,1651,1656,1666,1676,1681,1681,1666,1654,1647]},"region_attributes":{"scar":"scar","pedicel":"pedicel","class":"scar"}},{"shape_attributes":{"name":"polygon","all_points_x":[1575,1576,1579,1588,1595,1607,1606,1590],"all_points_y":[1638,1644,1650,1651,1651,1644,1637,1631]},"region_attributes":{"scar":"scar","pedicel":"pedicel","class":"scar"}},{"shape_attributes":{"name":"polygon","all_points_x":[1003,1005,1005,990,990,990,990],"all_points_y":[1173,1196,1237,1261,1233,1221,1208]},"region_attributes":{"scar":"scar","pedicel":"pedicel","class":"scar"}},{"shape_attributes":{"name":"polygon","all_points_x":[1011,1009,1012,1016,1028,1030,1025,1019],"all_points_y":[1358,1373,1383,1388,1389,1377,1369,1363]},"region_attributes":{"scar":"scar","pedicel":"pedicel","class":"scar"}},{"shape_attributes":{"name":"polygon","all_points_x":[1028,1037,1044,1070,1072,1065,1056],"all_points_y":[1469,1472,1478,1506,1526,1529,1525]},"region_attributes":{"scar":"scar","pedicel":"pedicel","class":"scar"}},{"shape_attributes":{"name":"polygon","all_points_x":[1544,1547,1551,1555,1559,1559,1555,1550],"all_points_y":[1294,1303,1303,1303,1299,1293,1291,1289]},"region_attributes":{"scar":"scar","pedicel":"pedicel","class":"scar"}},{"shape_attributes":{"name":"polygon","all_points_x":[1504,1507,1511,1514,1515,1510,1509,1504],"all_points_y":[1256,1260,1260,1257,1251,1248,1248,1248]},"region_attributes":{"scar":"scar","pedicel":"pedicel","class":"scar"}},{"shape_attributes":{"name":"polygon","all_points_x":[1148,1148,1139,1135,1124,1113,1114,1127],"all_points_y":[962,971,983,989,989,992,981,973]},"region_attributes":{"scar":"scar","pedicel":"pedicel","class":"scar"}},{"shape_attributes":{"name":"polygon","all_points_x":[1298,1299,1306,1313,1311,1306],"all_points_y":[1618,1627,1631,1625,1618,1615]},"region_attributes":{"scar":"scar","pedicel":"pedicel","class":"scar"}},{"shape_attributes":{"name":"polygon","all_points_x":[1481,1496,1507,1514,1518,1519,1514,1499],"all_points_y":[1672,1689,1692,1692,1686,1675,1667,1663]},"region_attributes":{"scar":"scar","pedicel":"pedicel","class":"scar"}},{"shape_attributes":{"name":"polygon","all_points_x":[1165,1161,1161,1173,1178,1183,1190,1182,1175],"all_points_y":[1522,1529,1541,1554,1554,1552,1542,1525,1523]},"region_attributes":{"scar":"scar","pedicel":"pedicel","class":"scar"}},{"shape_attributes":{"name":"polygon","all_points_x":[1170,1173,1178,1183,1185,1183,1177],"all_points_y":[1405,1414,1412,1411,1403,1398,1397]},"region_attributes":{"scar":"scar","pedicel":"pedicel","class":"scar"}},{"shape_attributes":{"name":"polygon","all_points_x":[1315,1317,1324,1346,1340,1332],"all_points_y":[1695,1704,1709,1705,1699,1694]},"region_attributes":{"scar":"scar","pedicel":"pedicel","class":"scar"}},{"shape_attributes":{"name":"polygon","all_points_x":[1547,1551,1564,1575,1554,1545],"all_points_y":[1709,1716,1719,1714,1700,1700]},"region_attributes":{"scar":"scar","pedicel":"pedicel","class":"scar"}},{"shape_attributes":{"name":"polygon","all_points_x":[1190,1197,1200,1220,1214,1207,1198,1190,1188],"all_points_y":[1609,1619,1607,1622,1599,1598,1597,1597,1601]},"region_attributes":{"scar":"scar","pedicel":"pedicel","class":"scar"}},{"shape_attributes":{"name":"polygon","all_points_x":[1094,1101,1107,1113,1106,1101],"all_points_y":[1451,1450,1458,1470,1475,1466]},"region_attributes":{"scar":"scar","pedicel":"pedicel","class":"scar"}},{"shape_attributes":{"name":"polygon","all_points_x":[1053,1058,1067,1065,1062,1056],"all_points_y":[1466,1468,1468,1461,1457,1458]},"region_attributes":{"scar":"scar","pedicel":"pedicel","class":"scar"}},{"shape_attributes":{"name":"polygon","all_points_x":[1812,1808,1805,1807,1809,1813,1818,1818],"all_points_y":[1525,1529,1534,1542,1548,1542,1534,1527]},"region_attributes":{"scar":"scar","pedicel":"pedicel","class":"scar"}},{"shape_attributes":{"name":"polygon","all_points_x":[1779,1792,1802,1802,1799],"all_points_y":[866,867,875,888,890]},"region_attributes":{"class":"scar"}},{"shape_attributes":{"name":"polygon","all_points_x":[1710,1713,1719,1727,1735,1732,1725,1721],"all_points_y":[826,831,831,832,833,824,823,827]},"region_attributes":{"class":"scar"}},{"shape_attributes":{"name":"polygon","all_points_x":[1301,1304,1306,1308,1308,1307,1305,1302,1300,1300],"all_points_y":[896,896,896,895,892,891,891,892,894,896]},"region_attributes":{"class":"spot"}},{"shape_attributes":{"name":"polygon","all_points_x":[1334,1336,1338,1339,1337,1336,1334,1334],"all_points_y":[895,895,895,893,892,892,892,892]},"region_attributes":{"class":"spot"}},{"shape_attributes":{"name":"polygon","all_points_x":[1256,1258,1260,1258,1256,1255,1254],"all_points_y":[1014,1014,1012,1011,1009,1009,1010]},"region_attributes":{"class":"spot"}},{"shape_attributes":{"name":"polygon","all_points_x":[1316,1318,1323,1322,1318,1315,1313],"all_points_y":[1587,1589,1590,1581,1581,1581,1583]},"region_attributes":{"class":"spot"}},{"shape_attributes":{"name":"polygon","all_points_x":[1309,1312,1315,1316,1317,1316,1315,1312],"all_points_y":[1482,1484,1486,1485,1482,1481,1480,1480]},"region_attributes":{"class":"spot"}},{"shape_attributes":{"name":"polygon","all_points_x":[1256,1256,1255,1257,1259,1260,1259],"all_points_y":[1531,1534,1536,1536,1535,1533,1531]},"region_attributes":{"class":"spot"}},{"shape_attributes":{"name":"polygon","all_points_x":[1394,1397,1400,1402,1400,1398,1394,1394],"all_points_y":[1625,1628,1628,1625,1622,1620,1620,1623]},"region_attributes":{"class":"spot"}},{"shape_attributes":{"name":"polygon","all_points_x":[1290,1294,1297,1295,1292,1290,1284,1283,1288,1289,1284,1285],"all_points_y":[1531,1537,1542,1548,1555,1560,1560,1555,1556,1549,1544,1539]},"region_attributes":{"class":"scar"}},{"shape_attributes":{"name":"polygon","all_points_x":[1423,1419,1421,1424,1427,1431],"all_points_y":[1698,1704,1706,1706,1705,1702]},"region_attributes":{"class":"scar"}},{"shape_attributes":{"name":"polygon","all_points_x":[1437,1436,1437,1439,1442,1444,1446,1445,1441],"all_points_y":[1615,1620,1623,1625,1625,1623,1620,1618,1617]},"region_attributes":{"class":"scar"}},{"shape_attributes":{"name":"polygon","all_points_x":[1443,1442,1444,1448,1449,1450,1450,1448],"all_points_y":[1627,1631,1634,1633,1632,1630,1627,1627]},"region_attributes":{"class":"spot"}},{"shape_attributes":{"name":"polygon","all_points_x":[1368,1366,1364,1364,1365,1369,1372],"all_points_y":[1493,1494,1497,1500,1502,1503,1499]},"region_attributes":{"class":"spot"}},{"shape_attributes":{"name":"polygon","all_points_x":[1367,1371,1373,1374,1378,1381,1380,1379,1376,1373,1371,1368],"all_points_y":[1641,1643,1645,1647,1644,1643,1640,1639,1641,1638,1638,1638]},"region_attributes":{"class":"scar"}},{"shape_attributes":{"name":"polygon","all_points_x":[1532,1533,1535,1537,1543,1543,1539,1534],"all_points_y":[1651,1655,1656,1655,1652,1650,1649,1649]},"region_attributes":{"class":"scar"}},{"shape_attributes":{"name":"polygon","all_points_x":[1529,1530,1531,1535,1536,1536,1534,1531,1531],"all_points_y":[1676,1677,1678,1678,1678,1674,1673,1673,1673]},"region_attributes":{"class":"spot"}},{"shape_attributes":{"name":"polygon","all_points_x":[1788,1788,1791,1794,1796,1800,1798,1793,1792,1791,1789],"all_points_y":[1512,1519,1521,1521,1520,1515,1513,1512,1510,1507,1507]},"region_attributes":{"class":"scar"}},{"shape_attributes":{"name":"polygon","all_points_x":[1700,1696,1691,1689,1684,1694,1701,1709,1708],"all_points_y":[1681,1683,1686,1690,1698,1691,1685,1677,1671]},"region_attributes":{"class":"scar"}},{"shape_attributes":{"name":"polygon","all_points_x":[1547,1554,1561,1565,1582,1599,1601,1602,1599,1591,1552],"all_points_y":[1740,1740,1737,1735,1730,1721,1719,1717,1716,1719,1734]},"region_attributes":{"class":"scar"}},{"shape_attributes":{"name":"polygon","all_points_x":[1468,1469,1478,1483,1498,1502,1508,1514,1517,1522,1526,1531,1534,1538,1543,1545,1550,1557,1561,1564,1567,1570,1576,1578,1578,1578,1578,1578,1573,1567,1564,1560,1557,1551,1544,1538,1529,1517,1511,1501,1493,1484,1480,1468,1468],"all_points_y":[907,919,933,939,953,955,955,957,956,956,956,956,956,956,957,957,954,951,951,949,945,943,935,930,927,922,917,915,907,899,894,891,888,885,881,880,877,876,876,876,876,876,880,894,900]},"region_attributes":{"class":"stem_a"}},{"shape_attributes":{"name":"polygon","all_points_x":[1066,1057,1056,1059,1060,1062,1064,1066,1067,1072,1074,1076,1073,1069],"all_points_y":[1027,1040,1045,1045,1045,1039,1037,1036,1036,1036,1035,1030,1027,1027]},"region_attributes":{"class":"scar"}},{"shape_attributes":{"name":"polygon","all_points_x":[1043,1043,1041,1041,1038,1036,1036,1038,1040,1041],"all_points_y":[1072,1080,1084,1084,1085,1087,1080,1075,1070,1069]},"region_attributes":{"class":"scar"}},{"shape_attributes":{"name":"polygon","all_points_x":[1003,1003,1006,1010,1010,1010,1010],"all_points_y":[1288,1294,1300,1304,1299,1297,1295]},"region_attributes":{"class":"scar"}},{"shape_attributes":{"name":"polygon","all_points_x":[1038,1039,1040,1040,1039,1039,1037,1036,1036],"all_points_y":[1305,1308,1311,1315,1320,1321,1320,1315,1312]},"region_attributes":{"class":"scar"}},{"shape_attributes":{"name":"polygon","all_points_x":[1162,1163,1165,1167,1169,1170,1170,1169,1166,1163],"all_points_y":[1440,1443,1444,1444,1443,1442,1439,1438,1438,1438]},"region_attributes":{"class":"spot"}},{"shape_attributes":{"name":"polygon","all_points_x":[1192,1190,1190,1191,1193,1194,1195,1194],"all_points_y":[1414,1415,1419,1421,1421,1420,1418,1415]},"region_attributes":{"class":"spot"}},{"shape_attributes":{"name":"polygon","all_points_x":[1202,1204,1208,1208,1207,1204,1201,1201],"all_points_y":[1486,1486,1487,1485,1483,1483,1483,1484]},"region_attributes":{"class":"spot"}},{"shape_attributes":{"name":"polygon","all_points_x":[1418,1410,1394,1390,1390,1396,1402,1409,1416,1421,1423,1422],"all_points_y":[1524,1532,1543,1545,1549,1548,1544,1538,1531,1527,1525,1523]},"region_attributes":{"class":"scar"}},{"shape_attributes":{"name":"polygon","all_points_x":[1279,1279,1283,1285,1287,1291,1293,1290],"all_points_y":[1565,1571,1575,1575,1575,1576,1573,1571]},"region_attributes":{"class":"scar"}},{"shape_attributes":{"name":"polygon","all_points_x":[1140,1142,1144,1148,1156,1162,1165,1168,1174,1174,1176,1178,1180,1180,1180,1179,1166,1165,1162,1160,1158,1155,1153,1151,1146],"all_points_y":[1606,1614,1618,1621,1626,1630,1632,1634,1634,1634,1634,1634,1634,1633,1632,1629,1622,1620,1618,1617,1614,1613,1613,1610,1607]},"region_attributes":{"class":"scar"}},{"shape_attributes":{"name":"polygon","all_points_x":[1665,1677,1683,1686,1690,1696,1705,1713,1722,1733,1743,1751,1751,1743,1728,1721,1712,1703,1691,1681,1675],"all_points_y":[893,890,889,888,888,888,887,886,886,886,887,888,889,888,888,888,889,889,891,891,893]},"region_attributes":{"class":"scar"}},{"shape_attributes":{"name":"polygon","all_points_x":[1754,1758,1769,1772,1776,1780,1783,1787,1791,1796,1796,1784,1776,1764],"all_points_y":[1197,1200,1210,1215,1220,1225,1229,1234,1240,1247,1250,1235,1224,1209]},"region_attributes":{"class":"scar"}},{"shape_attributes":{"name":"polygon","all_points_x":[1613,1617,1626,1629,1651,1657,1683,1686,1690,1693,1695,1696,1697,1699,1700,1701,1704,1705,1706,1703,1698,1694,1691,1687,1684,1682,1677,1673,1668,1665,1663,1661,1657,1652,1644,1640,1636,1626,1625,1621],"all_points_y":[1707,1703,1697,1692,1675,1670,1631,1627,1622,1616,1613,1610,1609,1606,1604,1603,1601,1602,1603,1606,1612,1619,1624,1630,1635,1640,1647,1651,1656,1665,1668,1671,1673,1678,1684,1688,1691,1698,1700,1702]},"region_attributes":{"class":"scar"}},{"shape_attributes":{"name":"polygon","all_points_x":[1919,1924,1907,1904,1881,1879,1886,1894,1897,1901,1900,1900,1898,1899,1907,1909,1911],"all_points_y":[1402,1418,1464,1475,1509,1508,1493,1466,1456,1442,1438,1437,1432,1426,1421,1420,1420]},"region_attributes":{"class":"scar"}},{"shape_attributes":{"name":"polygon","all_points_x":[1741,1742,1744,1744,1745,1745,1743,1742],"all_points_y":[1135,1134,1133,1135,1136,1140,1140,1140]},"region_attributes":{"class":"spot"}},{"shape_attributes":{"name":"polygon","all_points_x":[1814,1814,1816,1818,1819,1818,1818,1816,1814],"all_points_y":[1020,1021,1022,1022,1021,1020,1020,1018,1019]},"region_attributes":{"class":"spot"}},{"shape_attributes":{"name":"polygon","all_points_x":[1694,1696,1696,1694,1692,1691,1691,1692],"all_points_y":[1145,1147,1150,1152,1151,1150,1148,1146]},"region_attributes":{"class":"spot"}},{"shape_attributes":{"name":"polygon","all_points_x":[1559,1560,1560,1558,1556,1555,1556],"all_points_y":[997,995,993,991,991,993,995]},"region_attributes":{"class":"spot"}},{"shape_attributes":{"name":"polygon","all_points_x":[1463,1465,1465,1464,1463,1462,1460,1459,1462],"all_points_y":[1044,1045,1046,1047,1048,1048,1048,1046,1044]},"region_attributes":{"class":"spot"}},{"shape_attributes":{"name":"polygon","all_points_x":[1897,1898,1899,1901,1902,1902,1902,1899],"all_points_y":[1006,1008,1009,1009,1009,1006,1005,1005]},"region_attributes":{"class":"spot"}},{"shape_attributes":{"name":"polygon","all_points_x":[1913,1917,1918,1916,1914,1911,1909,1907,1906,1906],"all_points_y":[1084,1085,1087,1090,1090,1091,1093,1095,1093,1090]},"region_attributes":{"class":"spot"}},{"shape_attributes":{"name":"polygon","all_points_x":[1940,1946,1949,1953,1958,1961,1962,1963,1962,1958,1950,1944],"all_points_y":[1064,1069,1071,1074,1084,1093,1100,1109,1118,1123,1125,1123]},"region_attributes":{"class":"spot"}},{"shape_attributes":{"name":"polygon","all_points_x":[1864,1864,1866,1867,1867,1865,1865],"all_points_y":[1229,1233,1236,1234,1230,1229,1228]},"region_attributes":{"class":"spot"}},{"shape_attributes":{"name":"polygon","all_points_x":[1891,1892,1895,1895,1893,1891,1889,1889],"all_points_y":[1259,1259,1262,1266,1269,1269,1267,1263]},"region_attributes":{"class":"spot"}},{"shape_attributes":{"name":"polygon","all_points_x":[1883,1885,1887,1888,1888,1886,1883,1881,1882],"all_points_y":[1291,1291,1292,1296,1300,1303,1303,1301,1295]},"region_attributes":{"class":"spot"}},{"shape_attributes":{"name":"polygon","all_points_x":[1626,1626,1628,1630,1633,1635,1633,1631,1629],"all_points_y":[1598,1595,1592,1591,1591,1593,1596,1597,1599]},"region_attributes":{"class":"spot"}},{"shape_attributes":{"name":"polygon","all_points_x":[1347,1350,1357,1362,1368,1373,1379,1384,1387,1386,1382,1373,1366,1362,1359,1354,1351,1348,1347],"all_points_y":[1691,1694,1696,1695,1695,1696,1696,1696,1696,1692,1690,1689,1689,1690,1691,1689,1688,1688,1688]},"region_attributes":{"class":"scar"}},{"shape_attributes":{"name":"polygon","all_points_x":[1350,1352,1353,1355,1357,1359,1358,1357,1354,1351],"all_points_y":[1601,1604,1604,1605,1604,1603,1600,1598,1598,1598]},"region_attributes":{"class":"spot"}},{"shape_attributes":{"name":"polygon","all_points_x":[1320,1323,1326,1327,1328,1330,1332,1332,1332,1328,1323],"all_points_y":[1626,1629,1632,1633,1633,1633,1632,1630,1626,1624,1624]},"region_attributes":{"class":"scar"}},{"shape_attributes":{"name":"polygon","all_points_x":[1465,1470,1472,1473,1475,1474,1472,1470,1468,1466,1464,1464,1466],"all_points_y":[1682,1683,1685,1687,1691,1692,1691,1689,1689,1691,1691,1689,1687]},"region_attributes":{"class":"scar"}},{"shape_attributes":{"name":"polygon","all_points_x":[1571,1572,1575,1577,1580,1582,1584,1587,1588,1588,1580,1577,1574,1571],"all_points_y":[1663,1661,1659,1659,1659,1661,1661,1665,1667,1669,1666,1666,1667,1667]},"region_attributes":{"class":"scar"}},{"shape_attributes":{"name":"polygon","all_points_x":[1320,1322,1323,1326,1329,1330,1331,1330,1325,1323],"all_points_y":[1563,1566,1568,1569,1569,1567,1563,1560,1560,1560]},"region_attributes":{"class":"scar"}},{"shape_attributes":{"name":"polygon","all_points_x":[1358,1362,1366,1369,1371,1373,1371,1369,1367,1359],"all_points_y":[1537,1547,1547,1547,1547,1541,1536,1532,1531,1531]},"region_attributes":{"class":"scar"}},{"shape_attributes":{"name":"polygon","all_points_x":[1478,1478,1482,1483,1484,1484,1484,1482,1480,1478],"all_points_y":[1602,1601,1601,1605,1609,1612,1614,1615,1615,1607]},"region_attributes":{"class":"scar"}},{"shape_attributes":{"name":"polygon","all_points_x":[1420,1419,1422,1424,1426,1429,1429,1428],"all_points_y":[1593,1590,1586,1586,1586,1589,1591,1593]},"region_attributes":{"class":"spot"}},{"shape_attributes":{"name":"polygon","all_points_x":[1110,1114,1116,1119,1122,1121,1120,1114],"all_points_y":[1424,1426,1428,1432,1440,1442,1443,1435]},"region_attributes":{"class":"scar"}},{"shape_attributes":{"name":"polygon","all_points_x":[1248,1255,1259,1262,1267,1269,1273,1278,1279,1278,1276,1271,1270,1266,1264,1263,1262,1256,1252,1251,1248,1245,1245],"all_points_y":[1579,1584,1586,1587,1586,1586,1587,1591,1594,1596,1596,1596,1596,1598,1599,1602,1607,1607,1599,1595,1589,1586,1583]},"region_attributes":{"class":"scar"}},{"shape_attributes":{"name":"polygon","all_points_x":[1353,1351,1337,1337,1340,1343,1347,1348],"all_points_y":[1465,1461,1470,1475,1478,1478,1479,1478]},"region_attributes":{"class":"scar"}},{"shape_attributes":{"name":"polygon","all_points_x":[1340,1339,1339,1339,1339,1339,1341,1345,1347,1350,1352,1355,1357,1360,1364,1366,1366,1365,1361,1352,1347,1343,1345,1345],"all_points_y":[1495,1494,1490,1487,1483,1482,1482,1488,1492,1498,1501,1503,1503,1503,1507,1512,1515,1520,1526,1518,1519,1511,1505,1502]},"region_attributes":{"class":"scar"}},{"shape_attributes":{"name":"polygon","all_points_x":[1133,1131,1130,1129,1124,1122,1122,1126,1130,1132,1136,1138,1141,1148,1150,1146,1145,1147,1150,1161,1163,1166,1154,1149,1145,1143],"all_points_y":[1538,1540,1547,1554,1555,1557,1563,1566,1567,1566,1569,1573,1575,1576,1576,1570,1565,1562,1561,1574,1575,1575,1553,1550,1546,1544]},"region_attributes":{"class":"scar"}},{"shape_attributes":{"name":"polygon","all_points_x":[1020,1019,1020,1019,1018,1014,1011,1011,1015],"all_points_y":[1071,1075,1083,1088,1093,1095,1096,1090,1078]},"region_attributes":{"class":"scar"}},{"shape_attributes":{"name":"polygon","all_points_x":[990,987,986,987,993,997,998,996,993],"all_points_y":[1285,1282,1277,1275,1267,1271,1286,1288,1289]},"region_attributes":{"class":"scar"}},{"shape_attributes":{"name":"polygon","all_points_x":[1275,1272,1270,1271,1272,1275,1277,1280],"all_points_y":[1294,1296,1299,1303,1305,1305,1305,1299]},"region_attributes":{"class":"scar"}},{"shape_attributes":{"name":"polygon","all_points_x":[1057,1058,1060,1062,1061,1060,1058,1057,1056],"all_points_y":[1398,1398,1398,1400,1402,1404,1404,1403,1401]},"region_attributes":{"class":"spot"}},{"shape_attributes":{"name":"polygon","all_points_x":[1260,1270,1274,1273,1270,1269,1267,1264,1261,1260,1254,1253,1255,1257,1260,1263,1263],"all_points_y":[1481,1477,1483,1490,1494,1500,1503,1500,1500,1500,1502,1500,1495,1490,1486,1485,1482]},"region_attributes":{"class":"scar"}},{"shape_attributes":{"name":"polygon","all_points_x":[1203,1204,1205,1207,1209,1212,1213,1213,1209,1207,1205],"all_points_y":[1520,1519,1519,1518,1518,1521,1523,1525,1525,1525,1522]},"region_attributes":{"class":"spot"}},{"shape_attributes":{"name":"polygon","all_points_x":[1253,1252,1252,1253,1256,1258,1259,1259,1258,1257],"all_points_y":[1551,1549,1547,1545,1544,1545,1547,1549,1551,1551]},"region_attributes":{"class":"spot"}},{"shape_attributes":{"name":"polygon","all_points_x":[1276,1276,1279,1282,1283,1283,1282,1280,1279],"all_points_y":[1634,1632,1628,1629,1631,1633,1635,1635,1635]},"region_attributes":{"class":"spot"}},{"shape_attributes":{"name":"polygon","all_points_x":[1396,1395,1396,1397,1399,1401,1404,1403,1400],"all_points_y":[1566,1565,1564,1562,1561,1561,1564,1568,1567]},"region_attributes":{"class":"spot"}},{"shape_attributes":{"name":"polygon","all_points_x":[1340,1343,1351,1359,1361,1364,1367,1370,1369,1364,1352,1347,1340,1337,1338],"all_points_y":[1621,1622,1623,1622,1622,1619,1619,1621,1625,1625,1627,1627,1627,1625,1622]},"region_attributes":{"class":"scar"}},{"shape_attributes":{"name":"polygon","all_points_x":[1333,1334,1338,1341,1341,1341,1340,1338,1335],"all_points_y":[1651,1649,1646,1648,1650,1652,1654,1654,1652]},"region_attributes":{"class":"spot"}},{"shape_attributes":{"name":"polygon","all_points_x":[1078,1080,1085,1090,1090,1086,1084,1081,1078,1079,1078,1076],"all_points_y":[1413,1417,1412,1413,1417,1422,1424,1426,1424,1419,1417,1417]},"region_attributes":{"class":"spot"}},{"shape_attributes":{"name":"polygon","all_points_x":[1367,1367,1368,1371,1371,1374,1374,1373,1371],"all_points_y":[895,893,891,891,891,893,895,897,896]},"region_attributes":{"class":"spot"}},{"shape_attributes":{"name":"polygon","all_points_x":[1677,1677,1678,1680,1682,1680,1678],"all_points_y":[1528,1526,1525,1525,1528,1529,1529]},"region_attributes":{"class":"spot"}},{"shape_attributes":{"name":"polygon","all_points_x":[1596,1595,1595,1596,1598,1600,1600,1598],"all_points_y":[1607,1606,1604,1603,1603,1607,1607,1607]},"region_attributes":{"class":"spot"}},{"shape_attributes":{"name":"polygon","all_points_x":[1710,1710,1711,1712,1715,1716,1716,1713,1712],"all_points_y":[1610,1609,1607,1606,1606,1609,1610,1610,1610]},"region_attributes":{"class":"spot"}},{"shape_attributes":{"name":"polygon","all_points_x":[1415,1415,1416,1417,1419,1421,1420,1419],"all_points_y":[1580,1578,1575,1575,1575,1576,1580,1580]},"region_attributes":{"class":"spot"}},{"shape_attributes":{"name":"polygon","all_points_x":[1507,1509,1512,1513,1515,1514,1511],"all_points_y":[1575,1570,1570,1570,1573,1576,1576]},"region_attributes":{"class":"spot"}},{"shape_attributes":{"name":"polygon","all_points_x":[1567,1564,1563,1563,1564,1566,1569,1574,1575,1573,1571,1570],"all_points_y":[1633,1631,1629,1626,1623,1623,1623,1628,1629,1632,1633,1634]},"region_attributes":{"class":"scar"}},{"shape_attributes":{"name":"polygon","all_points_x":[1600,1599,1599,1596,1592,1590,1592,1594,1599,1601,1604,1608,1611,1613,1612,1607,1603],"all_points_y":[1684,1682,1680,1678,1678,1675,1674,1673,1674,1675,1675,1675,1679,1682,1685,1685,1686]},"region_attributes":{"class":"scar"}},{"shape_attributes":{"name":"polygon","all_points_x":[1837,1839,1845,1842,1839],"all_points_y":[1526,1526,1522,1516,1521]},"region_attributes":{"class":"spot"}},{"shape_attributes":{"name":"polygon","all_points_x":[1088,1092,1096,1095,1089],"all_points_y":[1251,1254,1248,1245,1245]},"region_attributes":{"class":"scar"}},{"shape_attributes":{"name":"polygon","all_points_x":[1549,1550,1553,1556,1554,1550],"all_points_y":[1336,1333,1333,1335,1338,1339]},"region_attributes":{"class":"spot"}},{"shape_attributes":{"name":"polygon","all_points_x":[1747,1751,1761,1773,1788,1800,1801,1785,1773,1760],"all_points_y":[801,813,825,831,842,847,835,823,812,806]},"region_attributes":{"class":"scar"}},{"shape_attributes":{"name":"polygon","all_points_x":[1285,1318,1347,1383,1425,1471,1521,1575,1620,1660,1698,1741,1773,1799,1829,1853,1872,1899,1937,1963,1983,1992,1991,1983,1975,1963,1937,1900,1869,1840,1811,1780,1743,1682,1639,1579,1510,1448,1387,1334,1292,1244,1198,1155,1108,1072,1044,1024,1008,978,965,958,958,965,978,991,1002,1009,1038,1062,1084,1106,1135],"all_points_y":[750,741,736,727,725,727,729,736,746,755,769,789,804,824,852,877,904,944,999,1057,1111,1168,1234,1292,1341,1395,1454,1522,1562,1595,1625,1652,1682,1716,1735,1748,1756,1756,1753,1741,1721,1700,1675,1644,1604,1563,1526,1489,1454,1385,1333,1289,1230,1175,1120,1085,1048,1024,963,930,904,880,852]},"region_attributes":{"class":"fruit"}}],"file_attributes":{}},"_DSC3451.JPG700733":{"filename":"_DSC3451.JPG","size":700733,"regions":[{"shape_attributes":{"name":"polygon","all_points_x":[1854,1863,1868,1879,1893,1899,1882,1871,1854],"all_points_y":[843,860,881,891,892,882,845,831,835]},"region_attributes":{"scar":"scar","class":"scar"}},{"shape_attributes":{"name":"polygon","all_points_x":[1702,1709,1721,1729,1736,1739,1741,1746,1747,1762,1763,1741,1725,1713],"all_points_y":[1119,1131,1167,1172,1169,1160,1157,1157,1145,1132,1125,1116,1124,1119]},"region_attributes":{"scar":"scar","class":"scar"}},{"shape_attributes":{"name":"polygon","all_points_x":[1643,1638,1636,1642,1648,1655,1656,1649],"all_points_y":[1027,1032,1041,1042,1042,1035,1024,1022]},"region_attributes":{"scar":"scar","class":"scar"}},{"shape_attributes":{"name":"polygon","all_points_x":[1618,1618,1619,1626,1632,1633,1629,1624],"all_points_y":[962,966,971,972,972,966,959,958]},"region_attributes":{"scar":"scar","class":"scar"}},{"shape_attributes":{"name":"polygon","all_points_x":[1572,1572,1572,1572,1578,1587,1590,1584,1576],"all_points_y":[1075,1082,1084,1085,1085,1084,1078,1074,1074]},"region_attributes":{"scar":"scar","class":"scar"}},{"shape_attributes":{"name":"polygon","all_points_x":[1613,1612,1616,1624,1635,1643,1650,1653,1624,1615,1610],"all_points_y":[1052,1065,1071,1072,1071,1077,1079,1072,1054,1046,1043]},"region_attributes":{"scar":"scar","class":"scar"}},{"shape_attributes":{"name":"polygon","all_points_x":[1557,1565,1574,1593,1599,1595,1570,1560,1551],"all_points_y":[1013,1019,1026,1050,1058,1060,1032,1022,1012]},"region_attributes":{"scar":"scar","class":"scar"}},{"shape_attributes":{"name":"polygon","all_points_x":[1308,1313,1318,1325,1336,1356,1374,1391,1391,1390,1401,1407,1424,1418,1404,1394,1389,1367,1363,1353,1342,1338,1315],"all_points_y":[689,697,711,721,729,742,743,744,742,729,706,701,686,677,677,671,659,658,658,667,678,678,678]},"region_attributes":{"scar":"scar","class":"scar"}},{"shape_attributes":{"name":"polygon","all_points_x":[1692,1696,1707,1717,1717,1721,1730,1745,1755,1761,1749,1738,1728,1728,1739,1747,1750,1750,1728,1720,1717,1694,1690],"all_points_y":[1237,1242,1250,1258,1262,1267,1270,1278,1283,1284,1269,1252,1245,1240,1237,1232,1221,1214,1218,1226,1232,1230,1230]},"region_attributes":{"scar":"scar","class":"scar"}},{"shape_attributes":{"name":"polygon","all_points_x":[1596,1603,1607,1614,1620,1615,1610],"all_points_y":[1225,1254,1256,1249,1242,1234,1229]},"region_attributes":{"scar":"scar","class":"scar"}},{"shape_attributes":{"name":"polygon","all_points_x":[1616,1612,1612,1614,1618,1625,1638,1642,1639,1638,1633,1622],"all_points_y":[1318,1327,1338,1350,1354,1354,1351,1336,1329,1311,1304,1308]},"region_attributes":{"scar":"scar","class":"scar"}},{"shape_attributes":{"name":"polygon","all_points_x":[1811,1814,1829,1836,1849,1861,1874,1857,1841,1826],"all_points_y":[1244,1260,1269,1274,1278,1276,1231,1227,1230,1233]},"region_attributes":{"scar":"scar","class":"scar"}},{"shape_attributes":{"name":"polygon","all_points_x":[1716,1730,1747,1752,1763,1740,1734,1717],"all_points_y":[1412,1419,1424,1420,1407,1444,1447,1432]},"region_attributes":{"scar":"scar","class":"scar"}},{"shape_attributes":{"name":"polygon","all_points_x":[1621,1623,1629,1638,1645,1648,1642,1631],"all_points_y":[1441,1447,1451,1454,1454,1442,1432,1429]},"region_attributes":{"scar":"scar","class":"scar"}},{"shape_attributes":{"name":"polygon","all_points_x":[1622,1622,1631,1644,1639,1630],"all_points_y":[1468,1478,1487,1472,1463,1461]},"region_attributes":{"scar":"scar","class":"scar"}},{"shape_attributes":{"name":"polygon","all_points_x":[1526,1524,1528,1546,1552,1557,1554,1544],"all_points_y":[1409,1424,1427,1437,1438,1430,1423,1415]},"region_attributes":{"scar":"scar","class":"scar"}},{"shape_attributes":{"name":"polygon","all_points_x":[1537,1537,1535,1538,1542,1552,1559,1553],"all_points_y":[1468,1473,1481,1487,1488,1488,1480,1472]},"region_attributes":{"scar":"scar","class":"scar"}},{"shape_attributes":{"name":"polygon","all_points_x":[1686,1681,1697,1704],"all_points_y":[1502,1519,1525,1505]},"region_attributes":{"scar":"scar","class":"scar"}},{"shape_attributes":{"name":"polygon","all_points_x":[1603,1612,1625,1627,1625,1616,1612],"all_points_y":[1554,1549,1550,1554,1558,1563,1558]},"region_attributes":{"scar":"scar","class":"scar"}},{"shape_attributes":{"name":"polygon","all_points_x":[1706,1707,1709,1717,1723,1725,1731,1726],"all_points_y":[1339,1344,1349,1353,1354,1355,1348,1339]},"region_attributes":{"scar":"scar","class":"scar"}},{"shape_attributes":{"name":"polygon","all_points_x":[1618,1615,1618,1630,1635,1635,1628],"all_points_y":[1395,1405,1412,1412,1406,1397,1396]},"region_attributes":{"scar":"scar","class":"scar"}},{"shape_attributes":{"name":"polygon","all_points_x":[1915,1890,1879,1861,1821,1798,1791,1795,1852,1869,1883,1886,1887,1877,1856,1838,1831,1828,1832,1834,1867,1872,1900],"all_points_y":[1332,1362,1380,1390,1427,1436,1457,1460,1413,1399,1389,1393,1399,1417,1443,1476,1488,1495,1502,1502,1471,1460,1400]},"region_attributes":{"scar":"scar","class":"scar"}},{"shape_attributes":{"name":"polygon","all_points_x":[1726,1722,1725,1744,1758,1767,1769,1771,1771],"all_points_y":[1463,1480,1517,1498,1495,1463,1441,1422,1419]},"region_attributes":{"scar":"scar","class":"scar"}},{"shape_attributes":{"name":"polygon","all_points_x":[1725,1720,1715,1709,1695,1675,1665,1654,1657,1671,1696,1728,1750,1751,1754,1743],"all_points_y":[1553,1565,1572,1578,1586,1595,1599,1602,1606,1606,1597,1587,1572,1570,1555,1555]},"region_attributes":{"scar":"scar","class":"scar"}},{"shape_attributes":{"name":"polygon","all_points_x":[1869,1871,1882,1887,1895,1901,1906,1891,1877,1863,1862],"all_points_y":[1289,1287,1279,1275,1275,1275,1283,1302,1304,1306,1300]},"region_attributes":{"scar":"scar","class":"scar"}},{"shape_attributes":{"name":"polygon","all_points_x":[1666,1674,1656,1658],"all_points_y":[1449,1481,1474,1452]},"region_attributes":{"scar":"scar","class":"scar"}},{"shape_attributes":{"name":"polygon","all_points_x":[1785,1789,1797,1828,1836,1820,1803],"all_points_y":[827,838,847,865,843,826,821]},"region_attributes":{"scar":"scar","class":"scar"}},{"shape_attributes":{"name":"polygon","all_points_x":[1745,1741,1743,1748,1754,1767,1760],"all_points_y":[891,901,910,915,915,891,886]},"region_attributes":{"scar":"scar","class":"scar"}},{"shape_attributes":{"name":"polygon","all_points_x":[1702,1711,1718,1724,1730,1730,1719,1703],"all_points_y":[857,862,868,872,882,884,887,877]},"region_attributes":{"scar":"scar","class":"scar"}},{"shape_attributes":{"name":"polygon","all_points_x":[1782,1786,1793,1798,1807,1810,1808,1801,1793],"all_points_y":[889,902,902,903,903,897,888,884,884]},"region_attributes":{"scar":"scar","class":"scar"}},{"shape_attributes":{"name":"polygon","all_points_x":[1754,1754,1757,1773,1781,1782,1782,1777,1774],"all_points_y":[755,762,768,773,772,769,762,756,755]},"region_attributes":{"scar":"scar","class":"scar"}},{"shape_attributes":{"name":"polygon","all_points_x":[1476,1477,1483,1490,1496,1495,1488,1481],"all_points_y":[946,952,957,953,943,939,935,936]},"region_attributes":{"scar":"scar","class":"scar"}},{"shape_attributes":{"name":"polygon","all_points_x":[1472,1475,1477,1481,1489,1487,1484,1479],"all_points_y":[1004,1007,1011,1013,1003,999,997,997]},"region_attributes":{"scar":"scar","class":"scar"}},{"shape_attributes":{"name":"polygon","all_points_x":[1508,1512,1519,1526,1521,1513],"all_points_y":[1028,1043,1039,1036,1023,1022]},"region_attributes":{"scar":"scar","class":"scar"}},{"shape_attributes":{"name":"polygon","all_points_x":[1508,1502,1507,1515,1517,1518],"all_points_y":[933,943,953,947,940,933]},"region_attributes":{"scar":"scar","class":"scar"}},{"shape_attributes":{"name":"polygon","all_points_x":[1527,1527,1526,1526,1526,1531,1542,1536],"all_points_y":[932,934,945,949,961,965,940,934]},"region_attributes":{"scar":"scar","class":"scar"}},{"shape_attributes":{"name":"polygon","all_points_x":[1494,1507,1515,1527,1531,1532,1528,1523,1513,1503,1489,1477,1460,1439,1441,1445,1446,1457,1477,1487],"all_points_y":[726,725,729,737,751,760,772,782,789,795,795,796,791,775,765,752,744,733,724,723]},"region_attributes":{"class":"stem_a"}},{"shape_attributes":{"name":"polygon","all_points_x":[1122,1127,1132,1138,1140,1137,1129,1126],"all_points_y":[848,853,853,852,846,840,839,839]},"region_attributes":{"class":"scar"}},{"shape_attributes":{"name":"polygon","all_points_x":[1218,1215,1215,1220,1227,1230,1230],"all_points_y":[784,789,799,801,801,791,787]},"region_attributes":{"class":"scar"}},{"shape_attributes":{"name":"polygon","all_points_x":[1089,1097,1102,1105,1099,1095,1090],"all_points_y":[1138,1144,1141,1128,1125,1125,1130]},"region_attributes":{"class":"scar"}},{"shape_attributes":{"name":"polygon","all_points_x":[1770,1773,1779,1783,1783,1780,1777,1771,1768],"all_points_y":[1097,1098,1100,1099,1095,1090,1088,1089,1093]},"region_attributes":{"class":"spot"}},{"shape_attributes":{"name":"polygon","all_points_x":[1504,1506,1512,1515,1520,1519,1509,1506,1505],"all_points_y":[1451,1457,1457,1456,1445,1442,1441,1443,1446]},"region_attributes":{"class":"scar"}},{"shape_attributes":{"name":"polygon","all_points_x":[1505,1503,1509,1515,1522,1514],"all_points_y":[1545,1556,1565,1569,1546,1548]},"region_attributes":{"class":"scar"}},{"shape_attributes":{"name":"polygon","all_points_x":[1301,1300,1303,1306,1311,1314,1311,1305],"all_points_y":[1500,1509,1512,1513,1513,1506,1500,1499]},"region_attributes":{"class":"scar"}},{"shape_attributes":{"name":"polygon","all_points_x":[1200,1200,1201,1205,1208,1209,1210,1209,1205],"all_points_y":[1452,1458,1461,1462,1462,1459,1456,1454,1453]},"region_attributes":{"class":"spot"}},{"shape_attributes":{"name":"polygon","all_points_x":[1452,1457,1463,1469,1473,1473,1471,1464,1460],"all_points_y":[1579,1583,1585,1586,1586,1581,1578,1576,1576]},"region_attributes":{"class":"scar"}},{"shape_attributes":{"name":"polygon","all_points_x":[1718,1718,1722,1730,1733,1731,1726,1723],"all_points_y":[1087,1094,1099,1099,1094,1085,1082,1082]},"region_attributes":{"class":"scar"}},{"shape_attributes":{"name":"polygon","all_points_x":[1705,1706,1710,1715,1718,1714,1709],"all_points_y":[1190,1196,1200,1201,1198,1189,1187]},"region_attributes":{"class":"scar"}},{"shape_attributes":{"name":"polygon","all_points_x":[1635,1631,1623,1617,1613,1613,1615,1638],"all_points_y":[1188,1190,1194,1198,1202,1207,1210,1193]},"region_attributes":{"class":"scar"}},{"shape_attributes":{"name":"polygon","all_points_x":[1917,1913,1905,1911,1914,1916,1920,1922,1921],"all_points_y":[1081,1082,1088,1116,1116,1116,1115,1106,1094]},"region_attributes":{"class":"scar"}},{"shape_attributes":{"name":"polygon","all_points_x":[1786,1783,1777,1772,1772,1777,1780,1791,1788],"all_points_y":[1312,1314,1319,1326,1331,1345,1345,1322,1316]},"region_attributes":{"class":"scar"}},{"shape_attributes":{"name":"polygon","all_points_x":[1674,1674,1675,1678,1684,1690,1692,1689,1683,1681],"all_points_y":[1537,1550,1555,1556,1557,1554,1549,1541,1538,1538]},"region_attributes":{"class":"scar"}},{"shape_attributes":{"name":"polygon","all_points_x":[1503,1508,1510,1512,1516,1516,1516,1525,1524,1505],"all_points_y":[1150,1155,1161,1163,1163,1157,1155,1151,1147,1147]},"region_attributes":{"class":"scar"}},{"shape_attributes":{"name":"polygon","all_points_x":[1587,1585,1585,1591,1592,1599,1599],"all_points_y":[1139,1145,1150,1149,1145,1145,1138]},"region_attributes":{"class":"scar"}},{"shape_attributes":{"name":"polygon","all_points_x":[1592,1603,1605,1606,1601,1593],"all_points_y":[1118,1110,1113,1122,1125,1121]},"region_attributes":{"class":"scar"}},{"shape_attributes":{"name":"polygon","all_points_x":[1080,1084,1090,1100,1115,1111,1101,1096],"all_points_y":[1300,1312,1318,1325,1331,1318,1310,1306]},"region_attributes":{"class":"scar"}},{"shape_attributes":{"name":"polygon","all_points_x":[1048,1048,1053,1061,1061,1056,1051],"all_points_y":[1373,1378,1386,1386,1379,1372,1371]},"region_attributes":{"class":"spot"}},{"shape_attributes":{"name":"polygon","all_points_x":[1343,1349,1353,1363,1373,1374,1372,1360,1349],"all_points_y":[1443,1449,1452,1455,1458,1447,1441,1439,1439]},"region_attributes":{"class":"scar"}},{"shape_attributes":{"name":"polygon","all_points_x":[1768,1755,1760,1768,1779,1790,1802,1791,1773],"all_points_y":[1225,1238,1247,1243,1240,1248,1239,1228,1224]},"region_attributes":{"class":"scar"}},{"shape_attributes":{"name":"polygon","all_points_x":[1737,1742,1751,1757,1752,1741,1732,1728],"all_points_y":[1170,1169,1164,1169,1176,1178,1177,1173]},"region_attributes":{"class":"scar"}},{"shape_attributes":{"name":"polygon","all_points_x":[1460,1457,1459,1465,1472,1469,1463],"all_points_y":[1204,1211,1218,1217,1213,1207,1204]},"region_attributes":{"class":"spot"}},{"shape_attributes":{"name":"polygon","all_points_x":[1643,1647,1651,1647,1642],"all_points_y":[794,795,792,786,789]},"region_attributes":{"class":"spot"}},{"shape_attributes":{"name":"polygon","all_points_x":[1182,1178,1177,1182,1184],"all_points_y":[829,830,826,823,825]},"region_attributes":{"class":"spot"}},{"shape_attributes":{"name":"polygon","all_points_x":[1309,1314,1314,1309],"all_points_y":[859,857,852,852]},"region_attributes":{"class":"spot"}},{"shape_attributes":{"name":"polygon","all_points_x":[1399,1398,1401,1407,1405],"all_points_y":[884,887,889,889,883]},"region_attributes":{"class":"spot"}},{"shape_attributes":{"name":"polygon","all_points_x":[1295,1290,1291,1299,1307,1307],"all_points_y":[690,694,699,700,698,692]},"region_attributes":{"class":"scar"}},{"shape_attributes":{"name":"polygon","all_points_x":[1322,1328,1333,1341,1341,1334],"all_points_y":[666,676,676,671,666,662]},"region_attributes":{"class":"scar"}},{"shape_attributes":{"name":"polygon","all_points_x":[1451,1455,1459,1455,1451],"all_points_y":[977,978,974,969,971]},"region_attributes":{"class":"spot"}},{"shape_attributes":{"name":"polygon","all_points_x":[1436,1439,1443,1444,1439],"all_points_y":[1027,1031,1028,1024,1024]},"region_attributes":{"class":"spot"}},{"shape_attributes":{"name":"polygon","all_points_x":[1183,1186,1190,1192,1190,1188,1185],"all_points_y":[954,955,956,953,950,949,950]},"region_attributes":{"class":"spot"}},{"shape_attributes":{"name":"polygon","all_points_x":[1108,1111,1115,1115,1109],"all_points_y":[898,901,899,890,895]},"region_attributes":{"class":"spot"}},{"shape_attributes":{"name":"polygon","all_points_x":[1071,1073,1075,1072,1069,1067],"all_points_y":[1013,1012,1007,1005,1007,1011]},"region_attributes":{"class":"spot"}},{"shape_attributes":{"name":"polygon","all_points_x":[1190,1194,1198,1195,1190,1188],"all_points_y":[1126,1126,1123,1119,1119,1121]},"region_attributes":{"class":"spot"}},{"shape_attributes":{"name":"polygon","all_points_x":[1150,1153,1164,1168,1162,1156,1148,1144],"all_points_y":[1195,1194,1193,1186,1183,1180,1181,1188]},"region_attributes":{"class":"spot"}},{"shape_attributes":{"name":"polygon","all_points_x":[1029,1034,1040,1048,1048,1044,1039,1032,1029],"all_points_y":[1210,1220,1223,1223,1217,1203,1196,1201,1203]},"region_attributes":{"class":"spot"}},{"shape_attributes":{"name":"polygon","all_points_x":[1098,1097,1098,1103,1107,1104],"all_points_y":[1068,1063,1059,1057,1065,1070]},"region_attributes":{"class":"spot"}},{"shape_attributes":{"name":"polygon","all_points_x":[1182,1185,1190,1192,1186],"all_points_y":[1173,1178,1177,1169,1169]},"region_attributes":{"class":"spot"}},{"shape_attributes":{"name":"polygon","all_points_x":[1270,1274,1282,1284,1277,1270],"all_points_y":[1102,1108,1109,1102,1098,1098]},"region_attributes":{"class":"spot"}},{"shape_attributes":{"name":"polygon","all_points_x":[1414,1416,1425,1428,1420,1414],"all_points_y":[1191,1196,1197,1191,1185,1186]},"region_attributes":{"class":"spot"}},{"shape_attributes":{"name":"polygon","all_points_x":[1518,1522,1529,1528,1523,1522],"all_points_y":[1168,1173,1171,1165,1162,1163]},"region_attributes":{"class":"spot"}},{"shape_attributes":{"name":"polygon","all_points_x":[1513,1512,1518,1521,1522],"all_points_y":[1190,1182,1181,1186,1189]},"region_attributes":{"class":"spot"}},{"shape_attributes":{"name":"polygon","all_points_x":[1681,1685,1686,1686,1682,1681],"all_points_y":[1188,1188,1185,1182,1182,1184]},"region_attributes":{"class":"spot"}},{"shape_attributes":{"name":"polygon","all_points_x":[1268,1268,1270,1274,1278,1279,1272],"all_points_y":[1290,1284,1284,1284,1290,1292,1293]},"region_attributes":{"class":"spot"}},{"shape_attributes":{"name":"polygon","all_points_x":[1380,1385,1388,1387,1383,1378],"all_points_y":[1299,1299,1297,1292,1290,1291]},"region_attributes":{"class":"spot"}},{"shape_attributes":{"name":"polygon","all_points_x":[1454,1457,1462,1464,1459,1453],"all_points_y":[1341,1341,1343,1334,1330,1334]},"region_attributes":{"class":"spot"}},{"shape_attributes":{"name":"polygon","all_points_x":[1535,1534,1537,1543,1546,1538],"all_points_y":[1360,1352,1350,1353,1360,1361]},"region_attributes":{"class":"spot"}},{"shape_attributes":{"name":"polygon","all_points_x":[1533,1532,1537,1542,1543,1537],"all_points_y":[1381,1377,1374,1376,1382,1382]},"region_attributes":{"class":"spot"}},{"shape_attributes":{"name":"polygon","all_points_x":[1660,1656,1660,1668,1667],"all_points_y":[1269,1263,1262,1263,1271]},"region_attributes":{"class":"spot"}},{"shape_attributes":{"name":"polygon","all_points_x":[1270,1267,1274,1279,1274],"all_points_y":[1374,1370,1368,1374,1376]},"region_attributes":{"class":"spot"}},{"shape_attributes":{"name":"polygon","all_points_x":[1301,1303,1311,1299],"all_points_y":[1432,1434,1428,1428]},"region_attributes":{"class":"spot"}},{"shape_attributes":{"name":"polygon","all_points_x":[1335,1337,1340,1343,1345,1341,1339],"all_points_y":[1338,1333,1333,1335,1342,1344,1343]},"region_attributes":{"class":"spot"}},{"shape_attributes":{"name":"polygon","all_points_x":[1183,1181,1182,1193,1192],"all_points_y":[1334,1328,1325,1331,1334]},"region_attributes":{"class":"spot"}},{"shape_attributes":{"name":"polygon","all_points_x":[1240,1241,1247,1248,1245],"all_points_y":[1357,1352,1352,1359,1359]},"region_attributes":{"class":"spot"}},{"shape_attributes":{"name":"polygon","all_points_x":[1252,1252,1254,1257,1259,1259],"all_points_y":[1363,1358,1356,1355,1357,1362]},"region_attributes":{"class":"spot"}},{"shape_attributes":{"name":"polygon","all_points_x":[1257,1255,1257,1260,1264,1263],"all_points_y":[1394,1387,1387,1386,1391,1393]},"region_attributes":{"class":"spot"}},{"shape_attributes":{"name":"polygon","all_points_x":[1267,1265,1267,1272,1274,1270],"all_points_y":[1430,1426,1423,1423,1428,1432]},"region_attributes":{"class":"spot"}},{"shape_attributes":{"name":"polygon","all_points_x":[1264,1262,1267,1270,1270],"all_points_y":[1468,1462,1459,1458,1468]},"region_attributes":{"class":"spot"}},{"shape_attributes":{"name":"polygon","all_points_x":[1213,1211,1217,1220,1220,1217],"all_points_y":[1486,1481,1479,1482,1486,1487]},"region_attributes":{"class":"spot"}},{"shape_attributes":{"name":"polygon","all_points_x":[1217,1216,1219,1226,1232,1232,1227,1220],"all_points_y":[1432,1427,1422,1420,1425,1434,1436,1434]},"region_attributes":{"class":"spot"}},{"shape_attributes":{"name":"polygon","all_points_x":[1220,1217,1222,1230,1236,1232,1227],"all_points_y":[1459,1450,1445,1452,1461,1464,1465]},"region_attributes":{"class":"spot"}},{"shape_attributes":{"name":"polygon","all_points_x":[1205,1203,1202,1205,1213,1218,1214,1211],"all_points_y":[1382,1380,1376,1372,1371,1380,1384,1385]},"region_attributes":{"class":"spot"}},{"shape_attributes":{"name":"polygon","all_points_x":[1318,1316,1320,1324,1328,1329,1327],"all_points_y":[1363,1359,1355,1353,1355,1359,1363]},"region_attributes":{"class":"spot"}},{"shape_attributes":{"name":"polygon","all_points_x":[1391,1387,1393,1405,1417,1426,1427,1417,1412],"all_points_y":[1455,1447,1441,1439,1439,1439,1447,1449,1457]},"region_attributes":{"class":"scar"}},{"shape_attributes":{"name":"polygon","all_points_x":[1227,1223,1229,1235,1240,1240],"all_points_y":[1506,1503,1491,1491,1496,1499]},"region_attributes":{"class":"spot"}},{"shape_attributes":{"name":"polygon","all_points_x":[1011,1018,1025,1025,1017],"all_points_y":[1310,1299,1307,1316,1317]},"region_attributes":{"class":"spot"}},{"shape_attributes":{"name":"polygon","all_points_x":[1069,1073,1080,1080,1080],"all_points_y":[1126,1117,1119,1130,1131]},"region_attributes":{"class":"spot"}},{"shape_attributes":{"name":"polygon","all_points_x":[1005,1003,1003,1007,1012],"all_points_y":[1107,1103,1098,1097,1104]},"region_attributes":{"class":"spot"}},{"shape_attributes":{"name":"polygon","all_points_x":[1016,1015,1022,1026,1021],"all_points_y":[1172,1167,1163,1168,1176]},"region_attributes":{"class":"spot"}},{"shape_attributes":{"name":"polygon","all_points_x":[1003,1001,1005,1011,1013,1009],"all_points_y":[1186,1180,1175,1178,1182,1186]},"region_attributes":{"class":"spot"}},{"shape_attributes":{"name":"polygon","all_points_x":[1050,1048,1055,1059,1061,1059],"all_points_y":[1092,1085,1073,1076,1080,1086]},"region_attributes":{"class":"spot"}},{"shape_attributes":{"name":"polygon","all_points_x":[1293,1296,1301,1303,1298],"all_points_y":[978,973,973,981,982]},"region_attributes":{"class":"spot"}},{"shape_attributes":{"name":"polygon","all_points_x":[1422,1424,1430,1430,1427,1424],"all_points_y":[973,969,969,975,975,976]},"region_attributes":{"class":"spot"}},{"shape_attributes":{"name":"polygon","all_points_x":[1530,1526,1532,1541,1547,1544,1540],"all_points_y":[1011,1000,982,992,1001,1009,1011]},"region_attributes":{"class":"scar"}},{"shape_attributes":{"name":"polygon","all_points_x":[1174,1171,1170,1174,1177],"all_points_y":[1267,1268,1263,1259,1263]},"region_attributes":{"class":"spot"}},{"shape_attributes":{"name":"polygon","all_points_x":[1403,1410,1415,1413,1408],"all_points_y":[1364,1358,1363,1368,1370]},"region_attributes":{"class":"spot"}},{"shape_attributes":{"name":"polygon","all_points_x":[1946,1938,1934,1938,1958,1960],"all_points_y":[916,894,885,880,903,910]},"region_attributes":{"class":"scar"}},{"shape_attributes":{"name":"polygon","all_points_x":[1587,1629,1664,1701,1741,1777,1814,1854,1875,1904,1928,1949,1969,1991,2004,2016,2019,2025,2031,2029,2027,2015,1998,1981,1946,1907,1875,1831,1799,1754,1707,1654,1578,1502,1418,1355,1297,1242,1180,1121,1071,1017,976,952,942,936,942,950,957,1002,1031,1064,1098,1131,1172,1220,1290,1387,1477,1536],"all_points_y":[564,572,583,597,614,634,659,689,710,740,768,808,843,884,935,973,1025,1085,1132,1172,1219,1268,1320,1357,1420,1478,1515,1556,1583,1606,1626,1639,1669,1676,1673,1657,1636,1612,1581,1536,1490,1412,1336,1242,1169,1115,1060,1011,964,859,805,759,709,680,643,615,585,566,556,558]},"region_attributes":{"class":"fruit"}}],"file_attributes":{}},"_DSC3476.JPG718600":{"filename":"_DSC3476.JPG","size":718600,"regions":[{"shape_attributes":{"name":"polygon","all_points_x":[966,987,1001,1010,1023,1067,1083,1081,1083,1083,1094,1096,1092,1085,1078,1083,1089,1105,1112,1123,1143,1131,1118,1098,1076,1061,1043,1041,1054,1063,1041,1032,1016,1014,997,977,968,957,957,959,954,944,929,937,939,939,933,915,908,895,895,866,890,908,936],"all_points_y":[1207,1193,1212,1189,1184,1171,1189,1220,1229,1237,1242,1251,1260,1262,1264,1286,1310,1332,1339,1355,1389,1396,1397,1370,1370,1370,1370,1374,1390,1419,1392,1383,1374,1374,1374,1359,1339,1335,1352,1374,1405,1393,1378,1352,1330,1319,1317,1308,1295,1271,1251,1223,1190,1149,1169]},"region_attributes":{"scar":"scar","pedicel":"pedicel","class":"scar"}},{"shape_attributes":{"name":"polygon","all_points_x":[1257,1273,1271,1253,1220,1201,1210,1228,1261,1321,1305,1319,1310,1302,1284,1268,1257,1242],"all_points_y":[1262,1284,1297,1304,1310,1327,1346,1333,1354,1342,1320,1296,1268,1262,1262,1257,1251,1246]},"region_attributes":{"scar":"scar","pedicel":"pedicel","class":"scar"}},{"shape_attributes":{"name":"polygon","all_points_x":[1701,1684,1664,1673,1690,1697,1719,1719,1770,1741,1725,1722,1735,1724],"all_points_y":[962,931,957,963,972,997,1018,998,1024,993,989,966,969,946]},"region_attributes":{"scar":"scar","pedicel":"pedicel","class":"scar"}},{"shape_attributes":{"name":"polygon","all_points_x":[1302,1287,1255,1273,1288,1298,1320,1313],"all_points_y":[1043,1064,1071,1098,1074,1071,1074,1052]},"region_attributes":{"scar":"scar","pedicel":"pedicel","class":"scar"}},{"shape_attributes":{"name":"polygon","all_points_x":[1230,1221,1199,1209,1219,1239,1239,1229],"all_points_y":[834,836,857,856,850,833,828,831]},"region_attributes":{"scar":"scar","pedicel":"pedicel","class":"scar"}},{"shape_attributes":{"name":"polygon","all_points_x":[1650,1652,1650,1627,1597,1612,1623,1639,1647,1654,1663,1667,1667,1667,1663,1656],"all_points_y":[1135,1139,1146,1163,1171,1173,1176,1162,1153,1150,1151,1156,1144,1138,1137,1132]},"region_attributes":{"scar":"scar","pedicel":"pedicel","class":"scar"}},{"shape_attributes":{"name":"polygon","all_points_x":[1475,1473,1472,1462,1454,1463,1466,1473,1475,1475,1481,1486,1505,1511,1510,1504,1503,1496,1487],"all_points_y":[882,889,902,903,912,920,936,933,925,915,913,923,936,944,933,923,908,898,888]},"region_attributes":{"scar":"scar","pedicel":"pedicel","class":"scar"}},{"shape_attributes":{"name":"polygon","all_points_x":[1255,1249,1246,1249,1253,1270],"all_points_y":[1126,1131,1139,1158,1145,1124]},"region_attributes":{"scar":"scar","pedicel":"pedicel","class":"scar"}},{"shape_attributes":{"name":"polygon","all_points_x":[1291,1279,1277,1276,1287],"all_points_y":[1141,1152,1162,1172,1163]},"region_attributes":{"scar":"scar","pedicel":"pedicel","class":"scar"}},{"shape_attributes":{"name":"polygon","all_points_x":[1195,1178,1178,1160,1170],"all_points_y":[1233,1239,1246,1269,1273]},"region_attributes":{"scar":"scar","pedicel":"pedicel","class":"scar"}},{"shape_attributes":{"name":"polygon","all_points_x":[1175,1169,1167,1173,1176,1180,1178],"all_points_y":[1190,1199,1208,1218,1209,1195,1187]},"region_attributes":{"scar":"scar","pedicel":"pedicel","class":"scar"}},{"shape_attributes":{"name":"polygon","all_points_x":[1186,1184,1180,1182,1186,1189],"all_points_y":[1139,1146,1156,1169,1158,1148]},"region_attributes":{"scar":"scar","pedicel":"pedicel","class":"scar"}},{"shape_attributes":{"name":"polygon","all_points_x":[1207,1202,1199,1201,1210,1225],"all_points_y":[1114,1119,1124,1143,1145,1133]},"region_attributes":{"scar":"scar","pedicel":"pedicel","class":"scar"}},{"shape_attributes":{"name":"polygon","all_points_x":[1249,1239,1231,1260,1265],"all_points_y":[1042,1053,1061,1066,1043]},"region_attributes":{"scar":"scar","pedicel":"pedicel","class":"scar"}},{"shape_attributes":{"name":"polygon","all_points_x":[1240,1241,1247,1256,1265,1273,1273,1255,1249],"all_points_y":[1474,1482,1492,1498,1503,1504,1498,1481,1473]},"region_attributes":{"scar":"scar","pedicel":"pedicel","class":"scar"}},{"shape_attributes":{"name":"polygon","all_points_x":[1077,1073,1099,1101,1102,1096,1095,1097,1094,1087,1086,1084],"all_points_y":[1400,1416,1458,1456,1453,1441,1434,1426,1419,1417,1410,1403]},"region_attributes":{"scar":"scar","pedicel":"pedicel","class":"scar"}},{"shape_attributes":{"name":"polygon","all_points_x":[1083,1068,1126,1146,1160,1191,1210,1228,1227,1209,1199,1177,1167,1157,1129,1107,1106,1131,1134,1131,1103],"all_points_y":[1455,1493,1576,1583,1590,1600,1602,1602,1589,1584,1582,1576,1570,1560,1565,1530,1517,1533,1528,1516,1504]},"region_attributes":{"scar":"scar","pedicel":"pedicel","class":"scar"}},{"shape_attributes":{"name":"polygon","all_points_x":[1182,1187,1192,1200,1208,1218,1224,1228],"all_points_y":[1504,1517,1532,1542,1548,1550,1550,1549]},"region_attributes":{"scar":"scar","pedicel":"pedicel","class":"scar"}},{"shape_attributes":{"name":"polygon","all_points_x":[1268,1270,1316,1354,1374,1397,1406,1413,1367,1359,1342,1329,1315],"all_points_y":[1539,1538,1546,1552,1550,1550,1549,1542,1519,1515,1525,1529,1528]},"region_attributes":{"scar":"scar","pedicel":"pedicel","class":"scar"}},{"shape_attributes":{"name":"polygon","all_points_x":[1112,1122,1130,1138,1140,1145,1142,1132,1125],"all_points_y":[1451,1466,1471,1471,1471,1468,1462,1458,1457]},"region_attributes":{"scar":"scar","pedicel":"pedicel","class":"scar"}},{"shape_attributes":{"name":"polygon","all_points_x":[1132,1121,1109,1116,1119,1131,1134],"all_points_y":[1268,1288,1299,1306,1306,1297,1291]},"region_attributes":{"scar":"scar","pedicel":"pedicel","class":"scar"}},{"shape_attributes":{"name":"polygon","all_points_x":[1146,1145,1148,1154,1161,1161],"all_points_y":[1332,1342,1349,1353,1351,1347]},"region_attributes":{"scar":"scar","pedicel":"pedicel","class":"scar"}},{"shape_attributes":{"name":"polygon","all_points_x":[1619,1619,1621,1630,1636,1638,1636,1635,1630,1623],"all_points_y":[1389,1392,1401,1399,1400,1397,1391,1389,1390,1390]},"region_attributes":{"scar":"scar","pedicel":"pedicel","class":"scar"}},{"shape_attributes":{"name":"polygon","all_points_x":[1627,1629,1633,1641,1651,1656,1658,1658],"all_points_y":[989,991,995,1000,1006,1006,1003,1000]},"region_attributes":{"scar":"scar","pedicel":"pedicel","class":"scar"}},{"shape_attributes":{"name":"polygon","all_points_x":[1826,1826,1827,1832,1840,1840,1838],"all_points_y":[1066,1077,1081,1085,1081,1075,1069]},"region_attributes":{"scar":"scar","pedicel":"pedicel","class":"scar"}},{"shape_attributes":{"name":"polygon","all_points_x":[1765,1768,1775,1780,1780,1779,1774],"all_points_y":[967,980,981,979,978,973,970]},"region_attributes":{"scar":"scar","pedicel":"pedicel","class":"scar"}},{"shape_attributes":{"name":"polygon","all_points_x":[1751,1746,1756],"all_points_y":[940,954,960]},"region_attributes":{"scar":"scar","pedicel":"pedicel","class":"scar"}},{"shape_attributes":{"name":"polygon","all_points_x":[1339,1339,1338,1345,1349,1349,1345],"all_points_y":[1038,1047,1060,1066,1055,1046,1034]},"region_attributes":{"scar":"scar","pedicel":"pedicel","class":"scar"}},{"shape_attributes":{"name":"polygon","all_points_x":[1706,1716,1721,1726],"all_points_y":[1192,1209,1214,1207]},"region_attributes":{"scar":"scar","pedicel":"pedicel","class":"scar"}},{"shape_attributes":{"name":"polygon","all_points_x":[1621,1621,1640,1632,1629],"all_points_y":[1123,1126,1138,1122,1119]},"region_attributes":{"scar":"scar","pedicel":"pedicel","class":"scar"}},{"shape_attributes":{"name":"polygon","all_points_x":[1636,1642,1648,1651,1659,1660,1636],"all_points_y":[1030,1037,1038,1038,1030,1028,1025]},"region_attributes":{"scar":"scar","pedicel":"pedicel","class":"scar"}},{"shape_attributes":{"name":"polygon","all_points_x":[1141,1127,1122,1137,1137,1138,1146,1155,1164,1167,1169],"all_points_y":[887,889,893,899,908,922,925,901,899,896,892]},"region_attributes":{"scar":"scar","pedicel":"pedicel","class":"scar"}},{"shape_attributes":{"name":"polygon","all_points_x":[1199,1217,1208],"all_points_y":[1162,1174,1175]},"region_attributes":{"scar":"scar","pedicel":"pedicel","class":"scar"}},{"shape_attributes":{"name":"polygon","all_points_x":[1256,1252,1252,1256,1258],"all_points_y":[1181,1187,1195,1196,1196]},"region_attributes":{"scar":"scar","pedicel":"pedicel","class":"scar"}},{"shape_attributes":{"name":"polygon","all_points_x":[1231,1231,1225,1222,1223,1230],"all_points_y":[1172,1176,1181,1176,1171,1169]},"region_attributes":{"scar":"scar","pedicel":"pedicel","class":"scar"}},{"shape_attributes":{"name":"polygon","all_points_x":[1380,1400,1411,1421,1440,1452,1467,1481,1483,1474,1454,1426,1407,1385,1372,1357,1347,1341,1359,1373,1386],"all_points_y":[625,617,615,617,619,622,629,646,663,683,701,710,710,701,691,684,675,662,648,634,627]},"region_attributes":{"class":"stem_p"}},{"shape_attributes":{"name":"polygon","all_points_x":[1570,1572,1578,1585,1593,1596,1601,1606,1608,1599,1592,1587,1589,1589,1589,1579,1560,1557,1563,1566,1559],"all_points_y":[926,955,980,988,1002,1015,1025,1034,1039,1031,1031,1031,1048,1059,1087,1024,1013,990,981,965,939]},"region_attributes":{"class":"scar"}},{"shape_attributes":{"name":"polygon","all_points_x":[1176,1180,1187,1193,1195,1180],"all_points_y":[1459,1468,1472,1467,1459,1457]},"region_attributes":{"class":"scar"}},{"shape_attributes":{"name":"polygon","all_points_x":[1203,1207,1215,1207,1203,1201],"all_points_y":[1438,1447,1447,1428,1428,1430]},"region_attributes":{"class":"scar"}},{"shape_attributes":{"name":"polygon","all_points_x":[941,965,972,976,984,988,997,1011,1032,1057,1078,1051,995],"all_points_y":[1454,1459,1421,1420,1460,1480,1484,1510,1531,1563,1585,1573,1525]},"region_attributes":{"class":"scar"}},{"shape_attributes":{"name":"polygon","all_points_x":[1355,1337,1337,1363,1366,1367,1362,1366,1369,1369,1362,1357,1348,1350,1359,1365,1367,1356,1362,1364,1352,1353,1362,1364,1366,1369,1380,1384,1386,1392,1395,1398,1403,1405,1405,1405,1408,1414,1413,1412,1419,1415,1429,1420,1427,1424,1417,1427,1439,1447,1445,1456,1453,1457,1464,1452,1445,1434,1434,1437,1439,1462,1465,1471,1476,1482,1469,1466,1463,1462,1436,1422,1419,1411,1409,1396],"all_points_y":[752,758,780,794,801,811,821,836,849,857,863,865,874,887,897,909,923,965,965,983,1017,1025,1020,1009,1004,996,988,993,995,990,987,995,1000,1011,1015,1018,1022,1018,1011,994,991,985,989,974,965,952,945,932,949,935,913,902,890,880,875,868,858,845,842,831,817,779,775,771,766,755,752,748,743,743,766,759,758,753,753,756]},"region_attributes":{"class":"scar"}},{"shape_attributes":{"name":"polygon","all_points_x":[834,835,830,833,839,864,883,881,870,869,898,902,910,913,903,902,911,883,881,864,861,856,854,856,856,850,845],"all_points_y":[972,996,1064,1087,1109,1222,1190,1166,1113,1102,1135,1139,1130,1116,1093,1069,993,941,960,999,1004,990,975,955,950,929,917]},"region_attributes":{"class":"scar"}},{"shape_attributes":{"name":"polygon","all_points_x":[1812,1808,1799,1812,1821,1829,1823,1817,1815,1812,1806,1804,1805],"all_points_y":[1471,1478,1496,1495,1485,1490,1474,1468,1457,1456,1456,1459,1464]},"region_attributes":{"class":"scar"}},{"shape_attributes":{"name":"polygon","all_points_x":[1279,1288,1289,1289,1286,1281,1275],"all_points_y":[1491,1491,1497,1506,1507,1508,1505]},"region_attributes":{"class":"scar"}},{"shape_attributes":{"name":"polygon","all_points_x":[1272,1280,1289,1279,1274],"all_points_y":[1626,1630,1635,1622,1620]},"region_attributes":{"class":"scar"}},{"shape_attributes":{"name":"polygon","all_points_x":[1331,1334,1346,1350,1348,1342,1335],"all_points_y":[1647,1652,1660,1654,1649,1645,1644]},"region_attributes":{"class":"scar"}},{"shape_attributes":{"name":"polygon","all_points_x":[1056,1070,1090,1102,1105,1075,1062,1058],"all_points_y":[578,585,564,569,535,553,564,568]},"region_attributes":{"class":"scar"}},{"shape_attributes":{"name":"polygon","all_points_x":[1144,1164,1171,1190,1199,1211,1222,1221,1207,1199,1192],"all_points_y":[515,504,500,491,488,483,491,501,514,522,522]},"region_attributes":{"class":"scar"}},{"shape_attributes":{"name":"polygon","all_points_x":[1246,1232,1212,1213,1303,1332,1348,1355,1367,1379,1369,1354,1355,1354,1349,1336,1331,1309,1297,1268],"all_points_y":[500,520,556,568,509,499,498,498,493,482,477,477,467,462,459,462,474,479,466,492]},"region_attributes":{"class":"scar"}},{"shape_attributes":{"name":"polygon","all_points_x":[1256,1267,1267,1266,1256],"all_points_y":[713,711,702,700,702]},"region_attributes":{"class":"scar"}},{"shape_attributes":{"name":"polygon","all_points_x":[1331,1317,1319,1329,1337],"all_points_y":[859,864,874,875,871]},"region_attributes":{"class":"scar"}},{"shape_attributes":{"name":"polygon","all_points_x":[1582,1589,1601,1613,1606,1596,1577],"all_points_y":[837,848,851,851,839,831,831]},"region_attributes":{"class":"scar"}},{"shape_attributes":{"name":"polygon","all_points_x":[1602,1607,1614,1623,1636,1645,1639,1616],"all_points_y":[930,935,936,940,940,940,929,925]},"region_attributes":{"class":"scar"}},{"shape_attributes":{"name":"polygon","all_points_x":[1623,1629,1626,1615,1615],"all_points_y":[952,963,970,955,948]},"region_attributes":{"class":"scar"}},{"shape_attributes":{"name":"polygon","all_points_x":[1665,1670,1675,1679,1678,1674,1669,1670,1670],"all_points_y":[987,987,989,995,1000,1005,1009,1000,994]},"region_attributes":{"class":"scar"}},{"shape_attributes":{"name":"polygon","all_points_x":[1670,1661,1661,1667,1672,1678,1678],"all_points_y":[1060,1065,1073,1077,1074,1064,1056]},"region_attributes":{"class":"scar"}},{"shape_attributes":{"name":"polygon","all_points_x":[1870,1876,1873,1862,1862,1865],"all_points_y":[1060,1071,1083,1078,1062,1055]},"region_attributes":{"class":"scar"}},{"shape_attributes":{"name":"polygon","all_points_x":[1519,1527,1537,1543,1547,1546,1535,1528,1520,1515],"all_points_y":[1061,1060,1064,1064,1074,1074,1074,1071,1070,1069]},"region_attributes":{"class":"scar"}},{"shape_attributes":{"name":"polygon","all_points_x":[1519,1520,1524,1532,1532],"all_points_y":[1011,1001,1000,1004,1008]},"region_attributes":{"class":"scar"}},{"shape_attributes":{"name":"polygon","all_points_x":[1120,1112,1103,1098,1103,1113,1117,1120,1129,1130],"all_points_y":[1230,1228,1221,1219,1214,1216,1220,1212,1216,1226]},"region_attributes":{"class":"scar"}},{"shape_attributes":{"name":"polygon","all_points_x":[1923,1907,1925,1934,1943,1949,1938],"all_points_y":[1306,1304,1282,1270,1263,1275,1296]},"region_attributes":{"class":"scar"}},{"shape_attributes":{"name":"polygon","all_points_x":[1611,1622,1629,1620,1603],"all_points_y":[1197,1186,1194,1206,1216]},"region_attributes":{"class":"scar"}},{"shape_attributes":{"name":"polygon","all_points_x":[1900,1893,1891,1887,1887,1900,1904,1910,1901],"all_points_y":[791,781,776,760,748,760,786,799,802]},"region_attributes":{"class":"scar"}},{"shape_attributes":{"name":"polygon","all_points_x":[1271,1268,1269,1276,1285,1288],"all_points_y":[856,856,848,842,844,854]},"region_attributes":{"class":"scar"}},{"shape_attributes":{"name":"polygon","all_points_x":[1664,1663,1656,1646,1656,1665,1672,1677,1678],"all_points_y":[1310,1300,1299,1292,1287,1293,1291,1300,1305]},"region_attributes":{"class":"scar"}},{"shape_attributes":{"name":"polygon","all_points_x":[1320,1316,1310,1314,1325,1339,1346,1357,1360,1345,1336,1325],"all_points_y":[1482,1476,1469,1455,1455,1466,1477,1486,1493,1493,1489,1496]},"region_attributes":{"class":"scar"}},{"shape_attributes":{"name":"polygon","all_points_x":[1560,1555,1558,1565,1565],"all_points_y":[1120,1114,1108,1114,1116]},"region_attributes":{"class":"spot"}},{"shape_attributes":{"name":"polygon","all_points_x":[1569,1575,1576,1574,1569],"all_points_y":[1152,1152,1157,1162,1156]},"region_attributes":{"class":"spot"}},{"shape_attributes":{"name":"polygon","all_points_x":[1579,1585,1589,1587],"all_points_y":[1228,1219,1226,1231]},"region_attributes":{"class":"spot"}},{"shape_attributes":{"name":"polygon","all_points_x":[1587,1588,1592,1597,1596,1593],"all_points_y":[1206,1202,1201,1202,1211,1211]},"region_attributes":{"class":"spot"}},{"shape_attributes":{"name":"polygon","all_points_x":[1211,1211,1216,1224,1222,1216],"all_points_y":[1060,1055,1049,1051,1060,1062]},"region_attributes":{"class":"spot"}},{"shape_attributes":{"name":"polygon","all_points_x":[1105,1106,1109,1117,1125,1132,1131,1125],"all_points_y":[1167,1162,1157,1156,1157,1163,1166,1168]},"region_attributes":{"class":"spot"}},{"shape_attributes":{"name":"polygon","all_points_x":[1143,1144,1146,1149,1155,1157,1155,1150],"all_points_y":[1163,1157,1155,1151,1145,1153,1159,1164]},"region_attributes":{"class":"spot"}},{"shape_attributes":{"name":"polygon","all_points_x":[954,951,947,948,956,964,968,962,954,949],"all_points_y":[1125,1125,1118,1110,1106,1111,1119,1128,1130,1128]},"region_attributes":{"class":"scar"}},{"shape_attributes":{"name":"polygon","all_points_x":[940,945,951,957,963,964,957,954,950,942],"all_points_y":[1152,1152,1157,1159,1164,1175,1184,1182,1170,1168]},"region_attributes":{"class":"scar"}},{"shape_attributes":{"name":"polygon","all_points_x":[1520,1517,1519,1523,1524,1522],"all_points_y":[1183,1182,1176,1176,1179,1181]},"region_attributes":{"class":"spot"}},{"shape_attributes":{"name":"polygon","all_points_x":[1480,1482,1487,1485,1482],"all_points_y":[1056,1056,1056,1060,1060]},"region_attributes":{"class":"spot"}},{"shape_attributes":{"name":"polygon","all_points_x":[1444,1448,1453,1457,1456,1448],"all_points_y":[1125,1117,1116,1124,1124,1125]},"region_attributes":{"class":"spot"}},{"shape_attributes":{"name":"polygon","all_points_x":[1394,1399,1403,1401,1400],"all_points_y":[1105,1099,1102,1106,1107]},"region_attributes":{"class":"spot"}},{"shape_attributes":{"name":"polygon","all_points_x":[1432,1435,1439,1439,1434],"all_points_y":[1152,1147,1147,1152,1156]},"region_attributes":{"class":"spot"}},{"shape_attributes":{"name":"polygon","all_points_x":[1389,1388,1393,1398,1397,1393],"all_points_y":[1130,1126,1124,1126,1131,1133]},"region_attributes":{"class":"spot"}},{"shape_attributes":{"name":"polygon","all_points_x":[1390,1391,1395,1399,1394],"all_points_y":[1197,1193,1192,1197,1200]},"region_attributes":{"class":"spot"}},{"shape_attributes":{"name":"polygon","all_points_x":[1707,1712,1717,1722,1711],"all_points_y":[1154,1147,1145,1151,1160]},"region_attributes":{"class":"spot"}},{"shape_attributes":{"name":"polygon","all_points_x":[1698,1701,1709,1711,1705,1703],"all_points_y":[1135,1131,1131,1137,1142,1137]},"region_attributes":{"class":"spot"}},{"shape_attributes":{"name":"polygon","all_points_x":[1711,1712,1714,1720,1720,1714],"all_points_y":[1064,1059,1057,1059,1067,1066]},"region_attributes":{"class":"spot"}},{"shape_attributes":{"name":"polygon","all_points_x":[1769,1772,1779,1773],"all_points_y":[1104,1100,1109,1110]},"region_attributes":{"class":"spot"}},{"shape_attributes":{"name":"polygon","all_points_x":[1455,1458,1464,1462],"all_points_y":[1033,1021,1026,1034]},"region_attributes":{"class":"spot"}},{"shape_attributes":{"name":"polygon","all_points_x":[1219,1220,1223,1228,1224],"all_points_y":[1094,1088,1086,1094,1096]},"region_attributes":{"class":"spot"}},{"shape_attributes":{"name":"polygon","all_points_x":[1209,1208,1216,1217],"all_points_y":[1278,1272,1272,1285]},"region_attributes":{"class":"spot"}},{"shape_attributes":{"name":"polygon","all_points_x":[1204,1207,1217,1212,1206],"all_points_y":[1243,1237,1243,1248,1246]},"region_attributes":{"class":"spot"}},{"shape_attributes":{"name":"polygon","all_points_x":[1472,1476,1482,1474],"all_points_y":[1283,1276,1285,1287]},"region_attributes":{"class":"spot"}},{"shape_attributes":{"name":"polygon","all_points_x":[1263,1266,1274,1270],"all_points_y":[1222,1218,1224,1227]},"region_attributes":{"class":"spot"}},{"shape_attributes":{"name":"polygon","all_points_x":[1258,1260,1266,1266,1264,1261],"all_points_y":[1233,1227,1229,1234,1235,1237]},"region_attributes":{"class":"spot"}},{"shape_attributes":{"name":"polygon","all_points_x":[1246,1248,1252,1254,1254,1252,1249],"all_points_y":[1236,1233,1232,1234,1237,1240,1240]},"region_attributes":{"class":"spot"}},{"shape_attributes":{"name":"polygon","all_points_x":[1269,1268,1270,1274,1278,1276,1272],"all_points_y":[1252,1246,1243,1242,1246,1250,1254]},"region_attributes":{"class":"spot"}},{"shape_attributes":{"name":"polygon","all_points_x":[1182,1187,1192,1191,1186,1184],"all_points_y":[1327,1324,1329,1332,1333,1333]},"region_attributes":{"class":"spot"}},{"shape_attributes":{"name":"polygon","all_points_x":[1230,1233,1239,1244,1245,1237,1234],"all_points_y":[1188,1181,1181,1184,1191,1195,1195]},"region_attributes":{"class":"spot"}},{"shape_attributes":{"name":"polygon","all_points_x":[1593,1583,1580,1601,1610,1606],"all_points_y":[679,675,670,659,661,679]},"region_attributes":{"class":"scar"}},{"shape_attributes":{"name":"polygon","all_points_x":[1822,1831,1840,1848,1857,1852,1827,1820],"all_points_y":[632,641,648,653,654,643,626,624]},"region_attributes":{"class":"scar"}},{"shape_attributes":{"name":"polygon","all_points_x":[1215,1234,1250,1236,1231],"all_points_y":[627,598,606,633,642]},"region_attributes":{"class":"scar"}},{"shape_attributes":{"name":"polygon","all_points_x":[1982,1975,1984,2003,1989],"all_points_y":[975,964,954,973,984]},"region_attributes":{"class":"scar"}},{"shape_attributes":{"name":"polygon","all_points_x":[1659,1657,1657,1661,1665,1663,1665,1660],"all_points_y":[1216,1209,1200,1194,1198,1208,1218,1224]},"region_attributes":{"class":"scar"}},{"shape_attributes":{"name":"polygon","all_points_x":[1437,1438,1441,1447,1449,1443,1440],"all_points_y":[966,963,959,958,964,970,970]},"region_attributes":{"class":"scar"}},{"shape_attributes":{"name":"polygon","all_points_x":[1503,1506,1514,1518,1525,1528,1511,1504],"all_points_y":[883,879,878,869,875,886,887,891]},"region_attributes":{"class":"scar"}},{"shape_attributes":{"name":"polygon","all_points_x":[1510,1514,1522,1530,1546,1551,1536,1524,1511,1506,1508],"all_points_y":[915,917,920,925,918,912,907,911,909,910,915]},"region_attributes":{"class":"scar"}},{"shape_attributes":{"name":"polygon","all_points_x":[1331,1325,1313,1301,1295,1304,1318,1329,1340,1349,1344,1337],"all_points_y":[822,813,810,809,803,800,802,800,806,813,819,822]},"region_attributes":{"class":"scar"}},{"shape_attributes":{"name":"polygon","all_points_x":[1320,1314,1304,1285,1274,1274,1283,1295,1308,1320,1324],"all_points_y":[739,749,754,759,762,758,748,743,735,733,733]},"region_attributes":{"class":"scar"}},{"shape_attributes":{"name":"polygon","all_points_x":[1711,1715,1738,1756,1749,1741,1736,1728,1720],"all_points_y":[1408,1393,1385,1397,1405,1408,1415,1416,1414]},"region_attributes":{"class":"scar"}},{"shape_attributes":{"name":"polygon","all_points_x":[1516,1505,1487,1498,1501,1549,1547,1533,1520,1520,1533,1536,1528,1520],"all_points_y":[1494,1502,1491,1470,1460,1445,1464,1476,1477,1486,1485,1491,1499,1493]},"region_attributes":{"class":"scar"}},{"shape_attributes":{"name":"polygon","all_points_x":[1610,1617,1636,1643,1655,1640,1619],"all_points_y":[1665,1651,1647,1631,1638,1659,1660]},"region_attributes":{"class":"scar"}},{"shape_attributes":{"name":"polygon","all_points_x":[835,862,874,879,883,887,888,905,927,921,892,879,889,893,869,839],"all_points_y":[1256,1286,1299,1281,1269,1279,1302,1299,1326,1349,1317,1323,1350,1368,1353,1286]},"region_attributes":{"class":"scar"}},{"shape_attributes":{"name":"polygon","all_points_x":[1670,1749,1905,1957,2003,2038,2058,2065,2077,2095,2090,2084,2065,2028,1989,1927,1869,1810,1741,1665,1572,1464,1364,1276,1202,1138,1067,979,920,844,822,804,795,812,829,854,883,924,974,1045,1092,1140,1209,1266,1337,1444,1521,1597],"all_points_y":[453,488,620,686,741,821,908,951,1001,1076,1146,1222,1295,1385,1439,1520,1574,1624,1661,1692,1722,1737,1736,1709,1688,1655,1604,1520,1440,1322,1256,1199,1064,952,878,812,751,691,623,566,532,507,476,453,429,432,432,436]},"region_attributes":{"class":"fruit"}}],"file_attributes":{}},"_DSC3450.JPG673940":{"filename":"_DSC3450.JPG","size":673940,"regions":[{"shape_attributes":{"name":"polygon","all_points_x":[1485,1495,1516,1527,1538,1549,1560,1563,1562,1552,1541,1528,1503,1485,1474,1468,1469,1480],"all_points_y":[712,711,708,711,715,719,732,744,759,771,775,777,775,764,751,737,723,713]},"region_attributes":{"class":"stem_a"}},{"shape_attributes":{"name":"polygon","all_points_x":[1428,1443,1449,1456,1461,1464,1471,1475,1481,1490,1497,1505,1511,1514,1521,1524,1522,1518,1514,1515,1519,1521,1524,1529,1522,1515,1501,1495,1488,1487,1491,1492,1494,1502,1505,1508,1509,1506,1500,1494,1491,1485,1479,1475,1472,1472,1457,1456,1453,1453,1450,1440,1432,1427,1424,1422,1416,1406,1401,1401,1403,1408,1416,1420,1425,1437,1441,1447,1443,1441,1435,1432,1429],"all_points_y":[795,799,799,805,810,812,814,815,816,812,816,818,819,816,809,812,816,820,824,827,830,830,829,832,840,836,831,834,835,839,847,850,852,850,847,846,850,853,855,856,858,856,857,862,867,873,872,865,861,856,854,851,850,848,846,842,842,842,834,826,818,816,825,826,828,827,824,816,814,813,812,810,806]},"region_attributes":{"class":"scar"}},{"shape_attributes":{"name":"polygon","all_points_x":[1425,1431,1437,1442,1441,1435,1433,1428,1425,1423,1420,1419,1424],"all_points_y":[859,861,864,865,869,870,867,867,870,873,876,873,865]},"region_attributes":{"class":"scar"}},{"shape_attributes":{"name":"polygon","all_points_x":[1477,1481,1482,1479,1476,1473,1473,1474],"all_points_y":[877,881,886,891,889,886,881,877]},"region_attributes":{"class":"scar"}},{"shape_attributes":{"name":"polygon","all_points_x":[1815,1817,1819,1818,1818,1815,1814],"all_points_y":[944,946,945,941,939,940,941]},"region_attributes":{"class":"spot"}},{"shape_attributes":{"name":"polygon","all_points_x":[1675,1679,1681,1682,1682,1679,1674],"all_points_y":[954,955,954,953,951,950,951]},"region_attributes":{"class":"spot"}},{"shape_attributes":{"name":"polygon","all_points_x":[1738,1739,1739,1742,1746,1751,1754,1757,1751,1746,1742],"all_points_y":[1015,1024,1029,1030,1030,1028,1023,1016,1010,1009,1011]},"region_attributes":{"class":"scar"}},{"shape_attributes":{"name":"polygon","all_points_x":[1129,1132,1136,1141,1144,1148,1151,1155,1158,1157,1152,1149,1143,1142,1142,1139,1135,1134],"all_points_y":[1412,1420,1422,1426,1430,1431,1434,1437,1438,1434,1430,1429,1424,1422,1419,1415,1413,1413]},"region_attributes":{"class":"scar"}},{"shape_attributes":{"name":"polygon","all_points_x":[1174,1178,1181,1186,1191,1194,1201,1209,1212,1218,1224,1229,1233,1239,1236,1230,1220,1209,1202,1194,1188,1183,1181,1178],"all_points_y":[1442,1447,1448,1450,1453,1456,1459,1462,1464,1466,1470,1470,1470,1470,1468,1466,1463,1457,1455,1451,1447,1445,1441,1439]},"region_attributes":{"class":"scar"}},{"shape_attributes":{"name":"polygon","all_points_x":[1492,1494,1496,1499,1502,1501,1499,1494,1493],"all_points_y":[1471,1475,1475,1476,1475,1471,1468,1468,1468]},"region_attributes":{"class":"scar"}},{"shape_attributes":{"name":"polygon","all_points_x":[1681,1685,1690,1695,1704,1709,1712,1712,1708,1701,1694,1688,1686],"all_points_y":[1409,1409,1406,1405,1401,1399,1405,1412,1417,1419,1422,1419,1416]},"region_attributes":{"class":"scar"}},{"shape_attributes":{"name":"polygon","all_points_x":[1543,1542,1542,1544,1547,1549,1549,1548,1545],"all_points_y":[1352,1357,1359,1362,1362,1359,1355,1354,1354]},"region_attributes":{"class":"spot"}},{"shape_attributes":{"name":"polygon","all_points_x":[1362,1363,1365,1367,1368,1366,1364],"all_points_y":[1016,1018,1019,1018,1015,1012,1013]},"region_attributes":{"class":"spot"}},{"shape_attributes":{"name":"polygon","all_points_x":[1060,1060,1061,1069,1072,1071,1067],"all_points_y":[883,892,900,897,890,886,884]},"region_attributes":{"class":"scar"}},{"shape_attributes":{"name":"polygon","all_points_x":[1022,1027,1034,1039,1042,1046,1051,1066,1065,1060,1051,1042],"all_points_y":[1351,1350,1352,1359,1365,1368,1373,1384,1387,1387,1383,1375]},"region_attributes":{"class":"scar"}},{"shape_attributes":{"name":"polygon","all_points_x":[1401,1406,1409,1414,1419,1422,1411,1408],"all_points_y":[1500,1500,1502,1504,1506,1507,1508,1508]},"region_attributes":{"class":"scar"}},{"shape_attributes":{"name":"polygon","all_points_x":[1734,1741,1748,1761,1767,1771,1770,1768,1761,1756,1755,1755,1757,1759,1760,1759,1756,1763,1759,1753,1747,1744],"all_points_y":[680,691,698,714,715,713,708,706,706,704,701,700,700,700,697,695,690,692,684,682,681,680]},"region_attributes":{"class":"scar"}},{"shape_attributes":{"name":"polygon","all_points_x":[1749,1751,1752,1752,1749,1746,1744,1747],"all_points_y":[1208,1208,1206,1202,1201,1201,1203,1206]},"region_attributes":{"class":"spot"}},{"shape_attributes":{"name":"polygon","all_points_x":[1728,1733,1739,1744,1743,1735,1728],"all_points_y":[634,637,639,633,631,630,629]},"region_attributes":{"class":"scar"}},{"shape_attributes":{"name":"polygon","all_points_x":[1399,1401,1411,1416,1410,1402],"all_points_y":[614,610,613,615,618,617]},"region_attributes":{"class":"scar"}},{"shape_attributes":{"name":"polygon","all_points_x":[1795,1798,1802,1803,1803,1798],"all_points_y":[733,731,731,733,735,736]},"region_attributes":{"class":"spot"}},{"shape_attributes":{"name":"polygon","all_points_x":[1777,1793,1798,1809,1806,1800,1791,1804,1806,1817,1820,1812,1811,1803,1790,1789,1773,1772],"all_points_y":[633,652,660,665,673,680,691,690,681,677,665,656,648,650,639,636,628,632]},"region_attributes":{"class":"scar"}},{"shape_attributes":{"name":"polygon","all_points_x":[1827,1831,1836,1837,1831],"all_points_y":[702,700,702,709,708]},"region_attributes":{"class":"spot"}},{"shape_attributes":{"name":"polygon","all_points_x":[1816,1819,1824,1826,1821],"all_points_y":[717,714,714,721,723]},"region_attributes":{"class":"spot"}},{"shape_attributes":{"name":"polygon","all_points_x":[1714,1714,1717,1722,1720],"all_points_y":[774,771,767,769,772]},"region_attributes":{"class":"spot"}},{"shape_attributes":{"name":"polygon","all_points_x":[1606,1605,1613,1611],"all_points_y":[1045,1042,1041,1047]},"region_attributes":{"class":"spot"}},{"shape_attributes":{"name":"polygon","all_points_x":[1914,1914,1917,1923,1927,1919],"all_points_y":[1103,1097,1088,1090,1102,1118]},"region_attributes":{"class":"scar"}},{"shape_attributes":{"name":"polygon","all_points_x":[1735,1733,1736,1741,1742],"all_points_y":[1155,1152,1148,1149,1155]},"region_attributes":{"class":"spot"}},{"shape_attributes":{"name":"polygon","all_points_x":[1839,1840,1843,1848,1847,1843],"all_points_y":[1343,1339,1339,1340,1344,1347]},"region_attributes":{"class":"spot"}},{"shape_attributes":{"name":"polygon","all_points_x":[1846,1845,1849,1853,1856,1850],"all_points_y":[1232,1224,1223,1223,1230,1235]},"region_attributes":{"class":"spot"}},{"shape_attributes":{"name":"polygon","all_points_x":[1895,1893,1896,1898,1902,1903],"all_points_y":[1241,1236,1230,1228,1229,1235]},"region_attributes":{"class":"spot"}},{"shape_attributes":{"name":"polygon","all_points_x":[1916,1913,1916,1919,1921,1921],"all_points_y":[1242,1240,1234,1234,1237,1240]},"region_attributes":{"class":"spot"}},{"shape_attributes":{"name":"polygon","all_points_x":[1919,1925,1931,1925,1923,1919],"all_points_y":[1223,1223,1232,1236,1236,1230]},"region_attributes":{"class":"spot"}},{"shape_attributes":{"name":"polygon","all_points_x":[1430,1430,1432,1438,1445,1435],"all_points_y":[1255,1247,1244,1244,1251,1255]},"region_attributes":{"class":"spot"}},{"shape_attributes":{"name":"polygon","all_points_x":[1820,1822,1826,1827,1823],"all_points_y":[1397,1394,1393,1399,1402]},"region_attributes":{"class":"spot"}},{"shape_attributes":{"name":"polygon","all_points_x":[1232,1227,1232,1240],"all_points_y":[792,789,779,786]},"region_attributes":{"class":"spot"}},{"shape_attributes":{"name":"polygon","all_points_x":[1143,1145,1149,1151,1149],"all_points_y":[814,804,805,808,813]},"region_attributes":{"class":"spot"}},{"shape_attributes":{"name":"polygon","all_points_x":[1038,1041,1045,1050,1050],"all_points_y":[1309,1301,1300,1303,1317]},"region_attributes":{"class":"scar"}},{"shape_attributes":{"name":"polygon","all_points_x":[1656,1651,1645,1643,1648,1656,1666],"all_points_y":[1516,1518,1516,1508,1501,1499,1511]},"region_attributes":{"class":"scar"}},{"shape_attributes":{"name":"polygon","all_points_x":[1668,1666,1671,1677,1681,1683,1681,1678],"all_points_y":[1540,1527,1523,1521,1521,1528,1532,1533]},"region_attributes":{"class":"scar"}},{"shape_attributes":{"name":"polygon","all_points_x":[1729,1727,1727,1729,1732,1734,1737,1743,1743,1741,1739,1735],"all_points_y":[1481,1477,1473,1469,1468,1468,1468,1472,1474,1479,1481,1483]},"region_attributes":{"class":"scar"}},{"shape_attributes":{"name":"polygon","all_points_x":[1209,1205,1202,1198,1203,1209,1212],"all_points_y":[896,899,898,889,884,886,894]},"region_attributes":{"class":"spot"}},{"shape_attributes":{"name":"polygon","all_points_x":[1599,1592,1589,1586,1585,1599,1605,1615,1616,1613],"all_points_y":[592,598,598,594,590,577,579,585,591,594]},"region_attributes":{"class":"scar"}},{"shape_attributes":{"name":"polygon","all_points_x":[1630,1626,1622,1622,1624,1631,1647,1640],"all_points_y":[926,924,920,911,909,911,919,926]},"region_attributes":{"class":"scar"}},{"shape_attributes":{"name":"polygon","all_points_x":[1979,1976,1971,1967,1962,1963,1966,1969,1971],"all_points_y":[1204,1217,1227,1228,1220,1216,1215,1206,1203]},"region_attributes":{"class":"scar"}},{"shape_attributes":{"name":"polygon","all_points_x":[1692,1682,1673,1668,1672,1676,1687,1698,1696,1700,1704,1704,1699],"all_points_y":[993,1000,1002,1007,1019,1024,1027,1020,1015,1009,1003,998,994]},"region_attributes":{"class":"scar"}},{"shape_attributes":{"name":"polygon","all_points_x":[1397,1395,1393,1394,1402,1409,1406],"all_points_y":[1272,1269,1263,1253,1250,1258,1270]},"region_attributes":{"class":"scar"}},{"shape_attributes":{"name":"polygon","all_points_x":[1059,1057,1055,1060,1065,1080,1088,1085,1078,1069,1064,1061,1059],"all_points_y":[1190,1188,1182,1166,1169,1182,1186,1201,1201,1198,1192,1188,1188]},"region_attributes":{"class":"scar"}},{"shape_attributes":{"name":"polygon","all_points_x":[1574,1572,1575,1578,1581,1589,1587,1581],"all_points_y":[1320,1315,1305,1305,1308,1309,1320,1322]},"region_attributes":{"class":"scar"}},{"shape_attributes":{"name":"polygon","all_points_x":[1477,1480,1487,1497,1510,1514,1514,1511],"all_points_y":[552,551,549,550,550,556,563,565]},"region_attributes":{"class":"scar"}},{"shape_attributes":{"name":"polygon","all_points_x":[1461,1465,1470,1472,1482,1491,1498,1485,1482,1484,1495,1504,1509,1510,1501,1497,1484,1459,1451,1445,1461],"all_points_y":[581,580,577,573,566,566,575,578,583,591,587,589,599,605,604,599,599,612,614,612,593]},"region_attributes":{"class":"scar"}},{"shape_attributes":{"name":"polygon","all_points_x":[1416,1408,1422,1429,1443,1437,1437,1430],"all_points_y":[568,568,577,577,570,565,564,564]},"region_attributes":{"class":"scar"}},{"shape_attributes":{"name":"polygon","all_points_x":[1459,1453,1445,1447,1464,1464],"all_points_y":[547,549,555,562,556,552]},"region_attributes":{"class":"scar"}},{"shape_attributes":{"name":"polygon","all_points_x":[1683,1676,1674,1674,1678,1680,1685,1691,1701,1700,1690],"all_points_y":[631,631,627,623,618,616,616,616,628,631,634]},"region_attributes":{"class":"scar"}},{"shape_attributes":{"name":"polygon","all_points_x":[1328,1339,1344,1365,1376,1377,1370,1349,1347,1335],"all_points_y":[1548,1540,1539,1537,1541,1555,1555,1553,1553,1556]},"region_attributes":{"class":"scar"}},{"shape_attributes":{"name":"polygon","all_points_x":[1881,1900,1929,1961,1979,1998,2011,2016,2025,2021,2012,1994,1978,1957,1935,1912,1885,1856,1815,1770,1728,1681,1639,1580,1526,1482,1435,1376,1313,1255,1206,1165,1123,1073,1034,1007,988,971,950,939,938,940,946,963,982,1018,1060,1097,1144,1192,1240,1282,1349,1423,1464,1515,1581,1626,1668,1712,1753,1793,1816],"all_points_y":[702,725,755,814,848,900,936,989,1048,1113,1185,1273,1319,1377,1419,1451,1487,1510,1543,1572,1594,1618,1632,1651,1656,1654,1652,1643,1633,1610,1582,1548,1514,1462,1410,1363,1314,1268,1205,1155,1107,1044,996,926,873,798,739,694,654,622,594,568,552,539,538,542,551,558,568,587,608,631,646]},"region_attributes":{"class":"fruit"}}],"file_attributes":{}}}